MTG, Ancestral Katana, Common, NEO, 1, https://c1.scryfall.com/file/scryfall-cards/large/front/d/9/d9b1ed43-ee6c-43a2-ba94-5bf71c63e070.jpg?1654566140, 0.09 GBP,
MTG, Ao the Dawn Sky, Mythic Rare, NEO, 2, https://c1.scryfall.com/file/scryfall-cards/large/front/8/d/8d2c4063-7322-4041-a870-b95598a03e29.jpg?1654566143, 1.60 GBP,
MTG, Banishing Slash, Uncommon, NEO, 3, https://c1.scryfall.com/file/scryfall-cards/large/front/e/4/e4b8946b-6604-49ca-98db-18a540b1b4e5.jpg?1654566160, 0.09 GBP,
MTG, Befriending the Moths, Common, NEO, 4, https://c1.scryfall.com/file/scryfall-cards/large/front/8/a/8ad44884-ae0d-40ae-87a9-bad043d4e9ad.jpg?1656453019, 0.13 GBP,
MTG, BladeBlizzard Kitsune, Uncommon, NEO, 5, https://c1.scryfall.com/file/scryfall-cards/large/front/d/8/d8419d27-8c6e-4f38-98b4-60dd9a910c43.jpg?1654566180, 0.02 GBP,
MTG, Born to Drive, Uncommon, NEO, 6, https://c1.scryfall.com/file/scryfall-cards/large/front/f/f/ffdfad1f-d316-4023-9c79-8c24f1cd31d0.jpg?1654566182, 0.05 GBP,
MTG, Brilliant Restoration, Rare, NEO, 7, https://c1.scryfall.com/file/scryfall-cards/large/front/6/4/64f7a506-0aa1-4c2d-b322-e0e9179d05fb.jpg?1654566199, 0.23 GBP,
MTG, Cloudsteel Kirin, Rare, NEO, 8, https://c1.scryfall.com/file/scryfall-cards/large/front/a/1/a13ddda7-da6e-415e-8886-295514f862d4.jpg?1654566199, 0.15 GBP,
MTG, Dragonfly Suit, Common, NEO, 9, https://c1.scryfall.com/file/scryfall-cards/large/front/4/9/4900862f-90f4-450b-a775-219da4ce67ef.jpg?1654566219, 0.01 GBP,
MTG, Eiganjo Exemplar, Common, NEO, 10, https://c1.scryfall.com/file/scryfall-cards/large/front/3/b/3b0a9cc0-bb6d-47f7-b0d5-3956c46a1b3a.jpg?1654566221, 0.09 GBP,
MTG, Era of Enlightenment, Common, NEO, 11, https://c1.scryfall.com/file/scryfall-cards/large/front/7/4/74f43827-2b9b-4fc9-a6e2-c682dfbf14f7.jpg?1656453037, 0.13 GBP,
MTG, The Fall of Lord Konda, Uncommon, NEO, 12, https://c1.scryfall.com/file/scryfall-cards/large/front/4/d/4d784409-df6d-45d4-8f8b-6e3fd57a8fde.jpg?1656453058, 0.03 GBP,
MTG, Farewell, Rare, NEO, 13, https://c1.scryfall.com/file/scryfall-cards/large/front/e/1/e1068723-d1ef-4007-97d9-b10dccdbade4.jpg?1654566260, 4.98 GBP,
MTG, GoShintai of Shared Purpose, Uncommon, NEO, 14, https://c1.scryfall.com/file/scryfall-cards/large/front/0/a/0ab91962-ebad-46f6-9f90-7477c224d93d.jpg?1654566269, 0.15 GBP,
MTG, GoldenTail Disciple, Common, NEO, 15, https://c1.scryfall.com/file/scryfall-cards/large/front/d/6/d631e7da-bd71-424a-a349-9bce0fd16b1f.jpg?1654566284, 0.02 GBP,
MTG, Hotshot Mechanic, Uncommon, NEO, 16, https://c1.scryfall.com/file/scryfall-cards/large/front/5/a/5a70e8fa-b71d-441e-b049-dacb09a9a7af.jpg?1654566286, 0.07 GBP,
MTG, Imperial Oath, Common, NEO, 17, https://c1.scryfall.com/file/scryfall-cards/large/front/3/d/3d6750dd-2303-493b-885d-1bfb5787b16c.jpg?1654566308, 0.03 GBP,
MTG, Imperial Recovery Unit, Uncommon, NEO, 18, https://c1.scryfall.com/file/scryfall-cards/large/front/a/c/ac9b2c7b-c93b-4b97-999e-86faed8a26ee.jpg?1654566315, 0.04 GBP,
MTG, Imperial Subduer, Common, NEO, 19, https://c1.scryfall.com/file/scryfall-cards/large/front/1/3/13246172-7554-4edc-b6db-23dc91e4290a.jpg?1654566326, 0.09 GBP,
MTG, Intercessors Arrest, Common, NEO, 20, https://c1.scryfall.com/file/scryfall-cards/large/front/e/8/e83f2148-bb5d-4236-8d12-150deed0577e.jpg?1654566334, 0.06 GBP,
MTG, Invoke Justice, Rare, NEO, 21, https://c1.scryfall.com/file/scryfall-cards/large/front/3/a/3a598ab6-3254-49fe-b69f-e7c759129599.jpg?1654566346, 0.16 GBP,
MTG, Kitsune Ace, Common, NEO, 22, https://c1.scryfall.com/file/scryfall-cards/large/front/e/f/ef1d446a-8607-45b8-a01f-dad17bab76e7.jpg?1654566352, 0.02 GBP,
MTG, Kyodai Soul of Kamigawa, Rare, NEO, 23, https://c1.scryfall.com/file/scryfall-cards/large/front/c/b/cbbfd21e-96f1-4e5b-8546-73bb5a887b98.jpg?1654566369, 0.13 GBP,
MTG, Light the Way, Common, NEO, 24, https://c1.scryfall.com/file/scryfall-cards/large/front/3/a/3a2fd960-c4ec-4dfa-a61d-f8577b9d3519.jpg?1654566379, 0.05 GBP,
MTG, LightPaws Emperors Voice, Rare, NEO, 25, https://c1.scryfall.com/file/scryfall-cards/large/front/3/9/39555a72-a57b-45ee-9222-ce3b9e8de126.jpg?1654566391, 0.39 GBP,
MTG, Lion Sash, Rare, NEO, 26, https://c1.scryfall.com/file/scryfall-cards/large/front/3/e/3e1766e9-2fa7-4446-a255-7beea1467ece.jpg?1654566400, 1.49 GBP,
MTG, Lucky Offering, Common, NEO, 27, https://c1.scryfall.com/file/scryfall-cards/large/front/2/4/24bbdeb0-9165-4874-a853-d19c20c250ef.jpg?1654566411, 0.03 GBP,
MTG, March of Otherworldly Light, Rare, NEO, 28, https://c1.scryfall.com/file/scryfall-cards/large/front/5/5/553fb946-2706-475b-89f9-e4355ec9ea2b.jpg?1654566420, 5.29 GBP,
MTG, Michikos Reign of Truth, Uncommon, NEO, 29, https://c1.scryfall.com/file/scryfall-cards/large/front/7/4/74f12c23-5c15-4ae6-8f4d-c5e6c1878817.jpg?1656453078, 0.14 GBP,
MTG, Mothrider Patrol, Common, NEO, 30, https://c1.scryfall.com/file/scryfall-cards/large/front/f/6/f657f2dc-adc8-4a66-b081-a71b3a127389.jpg?1654566443, 0.09 GBP,
MTG, Norika Yamazaki the Poet, Uncommon, NEO, 31, https://c1.scryfall.com/file/scryfall-cards/large/front/0/9/09cb553c-58c1-4cfd-b441-297b5f09b263.jpg?1654566451, 0.14 GBP,
MTG, Regents Authority, Common, NEO, 32, https://c1.scryfall.com/file/scryfall-cards/large/front/7/9/79243e97-fe45-4988-b299-f59a7c53ad31.jpg?1654566461, 0.02 GBP,
MTG, Repel the Vile, Common, NEO, 33, https://c1.scryfall.com/file/scryfall-cards/large/front/9/a/9a37d5b4-af3a-48b0-895f-91b652108ef6.jpg?1654566470, 0.09 GBP,
MTG, The Restoration of Eiganjo, Rare, NEO, 34, https://c1.scryfall.com/file/scryfall-cards/large/front/a/1/a11a33ae-e7fa-4bd4-8cd8-3a3239a29bcc.jpg?1656453098, 0.39 GBP,
MTG, Selfless Samurai, Uncommon, NEO, 35, https://c1.scryfall.com/file/scryfall-cards/large/front/7/6/76c27ec5-5a9b-4080-9a53-00630335a915.jpg?1654566492, 0.07 GBP,
MTG, SevenTail Mentor, Common, NEO, 36, https://c1.scryfall.com/file/scryfall-cards/large/front/9/d/9d77d1e6-c804-46f7-ba00-6df6bca2ae08.jpg?1654566499, 0.10 GBP,
MTG, SkyBlessed Samurai, Uncommon, NEO, 37, https://c1.scryfall.com/file/scryfall-cards/large/front/c/9/c9c7ba6f-c58e-4347-92e4-51ae8f2d5a88.jpg?1654566515, 0.02 GBP,
MTG, Spirited Companion, Common, NEO, 38, https://c1.scryfall.com/file/scryfall-cards/large/front/5/a/5aa91a9e-2fe2-43bc-aa9c-cfb8a71829ff.jpg?1654566520, 0.11 GBP,
MTG, Sunblade Samurai, Common, NEO, 39, https://c1.scryfall.com/file/scryfall-cards/large/front/e/6/e6c577bb-5e21-4a3e-b0a7-713a4ff7dce6.jpg?1654566538, 0.05 GBP,
MTG, Touch the Spirit Realm, Uncommon, NEO, 40, https://c1.scryfall.com/file/scryfall-cards/large/front/e/1/e16ab44e-4257-4c0c-b705-8ac1e9c1d835.jpg?1654566545, 0.12 GBP,
MTG, Wanderers Intervention, Common, NEO, 41, https://c1.scryfall.com/file/scryfall-cards/large/front/4/3/43708ec9-a85a-4244-86b4-67b30b41d854.jpg?1654566557, 0.09 GBP,
MTG, The Wandering Emperor, Mythic Rare, NEO, 42, https://c1.scryfall.com/file/scryfall-cards/large/front/f/a/fab2d8a9-ab4c-4225-a570-22636293c17d.jpg?1654566563, 29.62 GBP,
MTG, When We Were Young, Uncommon, NEO, 43, https://c1.scryfall.com/file/scryfall-cards/large/front/6/d/6db14cb8-9ff8-41ee-a733-4f1130e73b29.jpg?1654566582, 0.01 GBP,
MTG, Acquisition Octopus, Uncommon, NEO, 44, https://c1.scryfall.com/file/scryfall-cards/large/front/8/e/8e971a72-31db-4b7e-b9b9-9f45e8c3f87e.jpg?1654566583, 0.09 GBP,
MTG, Anchor to Reality, Uncommon, NEO, 45, https://c1.scryfall.com/file/scryfall-cards/large/front/5/8/58141ad0-32ea-4e07-a133-ff7812d58c0e.jpg?1654566601, 0.15 GBP,
MTG, Armguard Familiar, Common, NEO, 46, https://c1.scryfall.com/file/scryfall-cards/large/front/7/4/7497f147-146d-4a76-b670-bd84e07352b3.jpg?1654566610, 0.05 GBP,
MTG, Awakened Awareness, Uncommon, NEO, 47, https://c1.scryfall.com/file/scryfall-cards/large/front/5/1/51378e10-2f17-445b-97e9-5c373234ba52.jpg?1654566626, 0.02 GBP,
MTG, Behold the Unspeakable, Uncommon, NEO, 48, https://c1.scryfall.com/file/scryfall-cards/large/front/e/4/e4d52701-e0dc-474e-b08f-88147200d210.jpg?1656453117, 0.03 GBP,
MTG, Covert Technician, Uncommon, NEO, 49, https://c1.scryfall.com/file/scryfall-cards/large/front/d/b/dbae9991-43a2-4afb-a882-fff6b0d89d12.jpg?1654566645, 0.09 GBP,
MTG, Discover the Impossible, Uncommon, NEO, 50, https://c1.scryfall.com/file/scryfall-cards/large/front/8/c/8c201117-9850-4e92-9ecc-e4d71a70a959.jpg?1654566653, 0.04 GBP,
MTG, Disruption Protocol, Common, NEO, 51, https://c1.scryfall.com/file/scryfall-cards/large/front/0/5/053ab598-06a4-43ae-b9fd-c291bd05642c.jpg?1654566666, 0.02 GBP,
MTG, Essence Capture, Uncommon, NEO, 52, https://c1.scryfall.com/file/scryfall-cards/large/front/f/3/f39bf1fa-b530-4353-a683-843466227109.jpg?1654566672, 0.10 GBP,
MTG, Futurist Operative, Uncommon, NEO, 53, https://c1.scryfall.com/file/scryfall-cards/large/front/c/5/c5858176-9f85-403c-8338-48eb55db5c3d.jpg?1654566683, 0.03 GBP,
MTG, Futurist Sentinel, Common, NEO, 54, https://c1.scryfall.com/file/scryfall-cards/large/front/8/6/8672f626-3e46-447b-841f-6a04cd380653.jpg?1654566691, 0.01 GBP,
MTG, GoShintai of Lost Wisdom, Uncommon, NEO, 55, https://c1.scryfall.com/file/scryfall-cards/large/front/7/e/7ec1192c-25b8-4975-ae6c-86be28ac1840.jpg?1654566704, 0.11 GBP,
MTG, Guardians of Oboro, Common, NEO, 56, https://c1.scryfall.com/file/scryfall-cards/large/front/e/9/e9c44d4e-742f-4e4f-9bf4-921075bc427c.jpg?1654566709, 0.02 GBP,
MTG, Inventive Iteration, Rare, NEO, 57, https://c1.scryfall.com/file/scryfall-cards/large/front/e/a/ea6d3242-8059-4203-aa06-58a6a3925eda.jpg?1656615308, 0.14 GBP,
MTG, Invoke the Winds, Rare, NEO, 58, https://c1.scryfall.com/file/scryfall-cards/large/front/a/d/ad7b423a-bfd1-47aa-bd2c-64a169b96924.jpg?1654566747, 0.14 GBP,
MTG, JinGitaxias Progress Tyrant, Mythic Rare, NEO, 59, https://c1.scryfall.com/file/scryfall-cards/large/front/c/5/c57b4876-5387-4f73-b8e2-8e7bdca8b0bc.jpg?1654566749, 6.66 GBP,
MTG, Kairi the Swirling Sky, Mythic Rare, NEO, 60, https://c1.scryfall.com/file/scryfall-cards/large/front/a/f/af7979d8-21f3-40ba-8a2e-7ebad210e48b.jpg?1654566767, 1.13 GBP,
MTG, March of Swirling Mist, Rare, NEO, 61, https://c1.scryfall.com/file/scryfall-cards/large/front/1/0/100171d8-7436-44c8-b4cb-0101ffa05c25.jpg?1654566768, 0.61 GBP,
MTG, Mindlink Mech, Rare, NEO, 62, https://c1.scryfall.com/file/scryfall-cards/large/front/2/8/28273a5b-57b3-4b7a-b017-5886c171c9c9.jpg?1654566784, 0.15 GBP,
MTG, Mirrorshell Crab, Common, NEO, 63, https://c1.scryfall.com/file/scryfall-cards/large/front/0/3/0394c8df-2e8a-4477-93b7-569934d7b936.jpg?1654566800, 0.06 GBP,
MTG, Mnemonic Sphere, Common, NEO, 64, https://c1.scryfall.com/file/scryfall-cards/large/front/1/a/1a15d8d9-0575-4add-ae8d-4576e8ed2cbe.jpg?1654566805, 0.12 GBP,
MTG, Mobilizer Mech, Uncommon, NEO, 65, https://c1.scryfall.com/file/scryfall-cards/large/front/c/f/cf4bb9de-ba7c-4916-b8ed-e2e644c06b58.jpg?1654566822, 0.07 GBP,
MTG, The Modern Age, Common, NEO, 66, https://c1.scryfall.com/file/scryfall-cards/large/front/e/e/ee60a8e9-3201-4a7e-8aa4-2c5e1042c8a5.jpg?1656453137, 0.08 GBP,
MTG, MoonCircuit Hacker, Common, NEO, 67, https://c1.scryfall.com/file/scryfall-cards/large/front/c/6/c6e466d1-943d-41e6-a47d-c9d951ca4262.jpg?1654566841, 0.12 GBP,
MTG, Moonfolk Puzzlemaker, Common, NEO, 68, https://c1.scryfall.com/file/scryfall-cards/large/front/c/9/c9fa6d4c-78dc-4b40-9ce8-a0e593d4001f.jpg?1654566846, 0.04 GBP,
MTG, Moonsnare Prototype, Common, NEO, 69, https://c1.scryfall.com/file/scryfall-cards/large/front/9/d/9d8bc0e9-a536-4bca-92a6-8dca85e1e984.jpg?1654566863, 0.14 GBP,
MTG, Moonsnare Specialist, Common, NEO, 70, https://c1.scryfall.com/file/scryfall-cards/large/front/1/e/1e8b209f-f577-45cc-9d18-03c1d67d391e.jpg?1654566866, 0.09 GBP,
MTG, Network Disruptor, Common, NEO, 71, https://c1.scryfall.com/file/scryfall-cards/large/front/5/a/5a37719a-2a87-4870-8f25-12544ca2f2cf.jpg?1654566883, 0.04 GBP,
MTG, Planar Incision, Common, NEO, 72, https://c1.scryfall.com/file/scryfall-cards/large/front/9/1/9163cb04-ee28-4127-b53a-89c546996d7d.jpg?1654566889, 0.42 GBP,
MTG, Prosperous Thief, Uncommon, NEO, 73, https://c1.scryfall.com/file/scryfall-cards/large/front/d/a/da3f683e-5a28-4ae7-b53b-851b957123ba.jpg?1654566901, 0.12 GBP,
MTG, The Reality Chip, Rare, NEO, 74, https://c1.scryfall.com/file/scryfall-cards/large/front/d/8/d859de3a-0be1-4e66-b438-1c3d4ee756cd.jpg?1654566909, 1.40 GBP,
MTG, Reality Heist, Uncommon, NEO, 75, https://c1.scryfall.com/file/scryfall-cards/large/front/5/b/5bc954d7-322a-45b8-9e25-6e9a97fbde61.jpg?1654566923, 0.05 GBP,
MTG, Replication Specialist, Uncommon, NEO, 76, https://c1.scryfall.com/file/scryfall-cards/large/front/4/7/475bb3b5-b648-460c-b0ea-89ecfe0ff226.jpg?1654566929, 0.11 GBP,
MTG, Saiba Trespassers, Common, NEO, 77, https://c1.scryfall.com/file/scryfall-cards/large/front/c/3/c3dd7f1a-5d43-4218-a9d8-7cc4f6a18ecd.jpg?1662015031, 0.07 GBP,
MTG, Short Circuit, Common, NEO, 78, https://c1.scryfall.com/file/scryfall-cards/large/front/7/4/74fe0fb5-e994-41b1-a73d-4e68f7afdf34.jpg?1654566946, 0.02 GBP,
MTG, Skyswimmer Koi, Common, NEO, 79, https://c1.scryfall.com/file/scryfall-cards/large/front/d/b/db50259b-8ca8-4fbe-8ae3-6b0312d70980.jpg?1654566960, 0.02 GBP,
MTG, Spell Pierce, Common, NEO, 80, https://c1.scryfall.com/file/scryfall-cards/large/front/b/e/beb42273-935b-4bda-849e-c163606cf89e.jpg?1654566963, 0.09 GBP,
MTG, Suit Up, Common, NEO, 81, https://c1.scryfall.com/file/scryfall-cards/large/front/5/0/50870bfd-7779-4a1c-b18f-57fac7e193b1.jpg?1654566980, 0.02 GBP,
MTG, Tameshi Reality Architect, Rare, NEO, 82, https://c1.scryfall.com/file/scryfall-cards/large/front/2/6/26594b52-3e9c-4cde-88df-1f4e9e16676e.jpg?1654566985, 0.27 GBP,
MTG, Tamiyos Compleation, Common, NEO, 83, https://c1.scryfall.com/file/scryfall-cards/large/front/a/e/aee62e43-6a82-4749-972b-e21802642abf.jpg?1654567000, 0.10 GBP,
MTG, Tezzeret Betrayer of Flesh, Mythic Rare, NEO, 84, https://c1.scryfall.com/file/scryfall-cards/large/front/2/1/2174d16e-4a78-4d27-b220-1086c40db83e.jpg?1654567012, 3.60 GBP,
MTG, Thirst for Knowledge, Uncommon, NEO, 85, https://c1.scryfall.com/file/scryfall-cards/large/front/6/b/6b927837-8252-4ea7-b2d0-ab624de65bd7.jpg?1654567024, 0.09 GBP,
MTG, ThousandFaced Shadow, Rare, NEO, 86, https://c1.scryfall.com/file/scryfall-cards/large/front/8/9/89a698a5-f4ac-4b04-96dc-32e1eeef6ac7.jpg?1654567031, 0.62 GBP,
MTG, Assassins Ink, Uncommon, NEO, 87, https://c1.scryfall.com/file/scryfall-cards/large/front/5/a/5a926c10-029d-4e24-8c3f-1808025e30aa.jpg?1654567050, 0.02 GBP,
MTG, BitingPalm Ninja, Rare, NEO, 88, https://c1.scryfall.com/file/scryfall-cards/large/front/3/0/3017df51-67ae-4c3d-8210-086f83bc2040.jpg?1654567052, 0.17 GBP,
MTG, Blade of the Oni, Mythic Rare, NEO, 89, https://c1.scryfall.com/file/scryfall-cards/large/front/b/6/b6bc3f71-b4ce-4c05-be3c-7a0faad476c3.jpg?1654567069, 0.88 GBP,
MTG, Chainflail Centipede, Common, NEO, 90, https://c1.scryfall.com/file/scryfall-cards/large/front/2/4/24b8efe0-2f7b-4ada-a1b9-9c5f9e6a114d.jpg?1654567070, 0.02 GBP,
MTG, Clawing Torment, Common, NEO, 91, https://c1.scryfall.com/file/scryfall-cards/large/front/6/2/621fce96-5933-4e2b-98ec-2589940e24cb.jpg?1654567088, 0.08 GBP,
MTG, Debt to the Kami, Common, NEO, 92, https://c1.scryfall.com/file/scryfall-cards/large/front/c/1/c1a7e728-ba01-4e3d-b269-9e2dd85a1d1b.jpg?1654567093, 0.04 GBP,
MTG, Dockside Chef, Uncommon, NEO, 93, https://c1.scryfall.com/file/scryfall-cards/large/front/d/8/d80100c3-c81e-4084-8dfe-f8610637fd91.jpg?1654567106, 0.14 GBP,
MTG, Dokuchi ShadowWalker, Common, NEO, 94, https://c1.scryfall.com/file/scryfall-cards/large/front/8/1/81496a81-c986-4749-a28c-45341764e28f.jpg?1654567113, 0.09 GBP,
MTG, Dokuchi Silencer, Uncommon, NEO, 95, https://c1.scryfall.com/file/scryfall-cards/large/front/a/2/a24d5664-e214-466d-bb53-4e8f6f75a009.jpg?1654567127, 0.11 GBP,
MTG, Enormous Energy Blade, Uncommon, NEO, 96, https://c1.scryfall.com/file/scryfall-cards/large/front/9/9/991370bd-a96a-4ed0-bdf9-f03b98191abf.jpg?1654567135, 0.02 GBP,
MTG, GoShintai of Hidden Cruelty, Uncommon, NEO, 97, https://c1.scryfall.com/file/scryfall-cards/large/front/4/5/45e1ff1e-916b-4455-84cb-4125a79d76de.jpg?1656615700, 0.12 GBP,
MTG, Gravelighter, Uncommon, NEO, 98, https://c1.scryfall.com/file/scryfall-cards/large/front/5/3/532c5b14-75cf-4e4c-9b80-2d56a86e2844.jpg?1654567145, 0.15 GBP,
MTG, Hidetsugu Devouring Chaos, Rare, NEO, 99, https://c1.scryfall.com/file/scryfall-cards/large/front/6/f/6f4142d3-f7ca-4613-a6e5-528cf1f22383.jpg?1654567158, 0.23 GBP,
MTG, Inkrise Infiltrator, Common, NEO, 100, https://c1.scryfall.com/file/scryfall-cards/large/front/c/b/cbb6e447-5f40-4039-8a17-257b4a55382c.jpg?1654567165, 0.07 GBP,
MTG, Invoke Despair, Rare, NEO, 101, https://c1.scryfall.com/file/scryfall-cards/large/front/3/5/35af9d5c-4449-4549-b549-c3ba4a67dee0.jpg?1654567184, 0.61 GBP,
MTG, Junji the Midnight Sky, Mythic Rare, NEO, 102, https://c1.scryfall.com/file/scryfall-cards/large/front/9/0/9033cf27-d9e6-49b8-8ee1-c1f38c9680b9.jpg?1654567204, 4.86 GBP,
MTG, Kaitos Pursuit, Common, NEO, 103, https://c1.scryfall.com/file/scryfall-cards/large/front/d/d/dd73fa5a-be0f-49a4-a921-afefbc8fa9c5.jpg?1654567207, 0.17 GBP,
MTG, Kami of Restless Shadows, Common, NEO, 104, https://c1.scryfall.com/file/scryfall-cards/large/front/6/2/62d3be4a-ab4f-46ef-837c-0f7559a701fe.jpg?1654567226, 0.02 GBP,
MTG, Kami of Terrible Secrets, Common, NEO, 105, https://c1.scryfall.com/file/scryfall-cards/large/front/5/8/58f15af6-eaf5-41b8-b93d-5a90ca219478.jpg?1654567228, 0.03 GBP,
MTG, Leech Gauntlet, Uncommon, NEO, 106, https://c1.scryfall.com/file/scryfall-cards/large/front/9/7/97986b67-5ae4-492f-a9e0-81f57a829d86.jpg?1654567250, 0.02 GBP,
MTG, Lethal Exploit, Common, NEO, 107, https://c1.scryfall.com/file/scryfall-cards/large/front/8/d/8d8edf8f-c2bd-4fd1-8abf-d3162e068b17.jpg?1654567255, 0.02 GBP,
MTG, Life of Toshiro Umezawa, Uncommon, NEO, 108, https://c1.scryfall.com/file/scryfall-cards/large/front/f/7/f7f4adf7-b871-417b-8904-7f024ca21486.jpg?1656453156, 0.03 GBP,
MTG, The Long Reach of Night, Uncommon, NEO, 109, https://c1.scryfall.com/file/scryfall-cards/large/front/4/e/4ec18bf7-bd80-408d-acc4-ffaaf7ef6b5b.jpg?1656453176, 0.03 GBP,
MTG, Malicious Malfunction, Uncommon, NEO, 110, https://c1.scryfall.com/file/scryfall-cards/large/front/5/6/56e7415f-f014-4ece-81db-d8271444d9e9.jpg?1654567289, 0.11 GBP,
MTG, March of Wretched Sorrow, Rare, NEO, 111, https://c1.scryfall.com/file/scryfall-cards/large/front/0/5/050a604e-6146-4e2e-88a5-863ecb3dfa1f.jpg?1654567293, 0.32 GBP,
MTG, Mukotai Ambusher, Common, NEO, 112, https://c1.scryfall.com/file/scryfall-cards/large/front/0/a/0adf3293-c1e0-447c-8231-26fa9476a262.jpg?1654567308, 0.03 GBP,
MTG, Mukotai Soulripper, Rare, NEO, 113, https://c1.scryfall.com/file/scryfall-cards/large/front/1/6/166775be-c3b7-4a17-9376-aa4229b147f9.jpg?1654567314, 0.03 GBP,
MTG, Nashi Moon Sages Scion, Mythic Rare, NEO, 114, https://c1.scryfall.com/file/scryfall-cards/large/front/2/8/2893b070-a610-4273-beb2-7609a2da0499.jpg?1654567331, 2.39 GBP,
MTG, Nezumi Bladeblesser, Common, NEO, 115, https://c1.scryfall.com/file/scryfall-cards/large/front/9/a/9a03d3f5-b32b-4814-b485-25f24e51609c.jpg?1654567333, 0.02 GBP,
MTG, Nezumi Prowler, Uncommon, NEO, 116, https://c1.scryfall.com/file/scryfall-cards/large/front/c/a/ca911e9a-bd04-4531-a81e-3485e9cbe89e.jpg?1654567351, 0.07 GBP,
MTG, Okiba Reckoner Raid, Common, NEO, 117, https://c1.scryfall.com/file/scryfall-cards/large/front/4/f/4f0582b4-d951-4450-b158-4a34109e48cd.jpg?1656453196, 0.03 GBP,
MTG, Okiba Salvage, Uncommon, NEO, 118, https://c1.scryfall.com/file/scryfall-cards/large/front/d/9/d9e4485d-c208-46b4-9b5d-48e55e2ee182.jpg?1654567370, 0.03 GBP,
MTG, Reckoner Shakedown, Common, NEO, 119, https://c1.scryfall.com/file/scryfall-cards/large/front/c/f/cf57666f-366b-43bf-95c7-39c1f7f061e2.jpg?1654567372, 0.02 GBP,
MTG, Reckoners Bargain, Common, NEO, 120, https://c1.scryfall.com/file/scryfall-cards/large/front/6/3/6338942d-d650-4571-8ec6-4d658792c53e.jpg?1654567391, 0.09 GBP,
MTG, Return to Action, Common, NEO, 121, https://c1.scryfall.com/file/scryfall-cards/large/front/3/4/342ec072-e581-490c-b5ae-a625bd35a153.jpg?1654567391, 0.04 GBP,
MTG, Soul Transfer, Rare, NEO, 122, https://c1.scryfall.com/file/scryfall-cards/large/front/1/e/1e5aba90-c8c7-4f06-b7b3-1b4758d2791a.jpg?1654567411, 0.20 GBP,
MTG, Tatsunari Toad Rider, Rare, NEO, 123, https://c1.scryfall.com/file/scryfall-cards/large/front/a/b/abf42833-43d0-4b05-b499-d13b2c577ee8.jpg?1654567411, 0.16 GBP,
MTG, Tribute to Horobi, Rare, NEO, 124, https://c1.scryfall.com/file/scryfall-cards/large/front/5/4/54613f38-ca91-4764-b1fe-60cd83707fb4.jpg?1656453216, 0.13 GBP,
MTG, Twisted Embrace, Common, NEO, 125, https://c1.scryfall.com/file/scryfall-cards/large/front/e/4/e4c7919a-de62-46df-a937-593647473ef5.jpg?1654567436, 0.09 GBP,
MTG, Undercity Scrounger, Common, NEO, 126, https://c1.scryfall.com/file/scryfall-cards/large/front/6/3/6319b84b-8a3d-4bc8-af48-8b500f124be1.jpg?1654567454, 0.03 GBP,
MTG, Unforgiving One, Uncommon, NEO, 127, https://c1.scryfall.com/file/scryfall-cards/large/front/c/f/cfb20c08-a84a-4773-a90c-fb007b94644b.jpg?1654567456, 0.13 GBP,
MTG, Virus Beetle, Common, NEO, 128, https://c1.scryfall.com/file/scryfall-cards/large/front/4/8/488ee202-0d28-4cc0-8a7d-644d9878e952.jpg?1654567473, 0.09 GBP,
MTG, You Are Already Dead, Common, NEO, 129, https://c1.scryfall.com/file/scryfall-cards/large/front/7/6/768727ce-4f84-4527-8d69-3c9b7877b748.jpg?1654567474, 0.10 GBP,
MTG, Akki EmberKeeper, Common, NEO, 130, https://c1.scryfall.com/file/scryfall-cards/large/front/4/d/4d83e837-fcd1-4833-9117-e6f1bb53caad.jpg?1654567492, 0.02 GBP,
MTG, Akki Ronin, Common, NEO, 131, https://c1.scryfall.com/file/scryfall-cards/large/front/9/6/96f15754-1ca6-45b0-a7de-2fe507df2a1a.jpg?1654567494, 0.04 GBP,
MTG, Akki War Paint, Common, NEO, 132, https://c1.scryfall.com/file/scryfall-cards/large/front/f/1/f110698e-a343-4eff-ba23-ed7ac5a3f87b.jpg?1654567513, 0.03 GBP,
MTG, Ambitious Assault, Common, NEO, 133, https://c1.scryfall.com/file/scryfall-cards/large/front/d/0/d00d618d-abad-475b-b938-e111282ea1c3.jpg?1654567513, 0.05 GBP,
MTG, Atsushi the Blazing Sky, Mythic Rare, NEO, 134, https://c1.scryfall.com/file/scryfall-cards/large/front/7/3/73b64c17-8a52-4d9d-a28b-7e0e945be059.jpg?1654567533, 4.49 GBP,
MTG, Bronzeplate Boar, Uncommon, NEO, 135, https://c1.scryfall.com/file/scryfall-cards/large/front/7/c/7c8f5da8-13a8-4b39-8ddc-7661892924af.jpg?1654567537, 0.14 GBP,
MTG, Crackling Emergence, Common, NEO, 136, https://c1.scryfall.com/file/scryfall-cards/large/front/6/f/6f77f987-ebb7-4105-a67c-0987f50fc676.jpg?1654567555, 0.02 GBP,
MTG, Dragonspark Reactor, Uncommon, NEO, 137, https://c1.scryfall.com/file/scryfall-cards/large/front/5/c/5cf531dd-0a93-43e3-880b-f705fa5f533d.jpg?1654567558, 0.11 GBP,
MTG, Experimental Synthesizer, Common, NEO, 138, https://c1.scryfall.com/file/scryfall-cards/large/front/c/4/c47931c9-685d-4b83-8299-bc347224b4e8.jpg?1654567579, 0.29 GBP,
MTG, Explosive Entry, Common, NEO, 139, https://c1.scryfall.com/file/scryfall-cards/large/front/7/b/7ba639ff-fe82-4ac3-9fb4-eac168bef053.jpg?1654567599, 0.02 GBP,
MTG, Explosive Singularity, Mythic Rare, NEO, 140, https://c1.scryfall.com/file/scryfall-cards/large/front/e/6/e6cdd822-44a1-4d58-9de4-69fc56eae255.jpg?1654567601, 0.09 GBP,
MTG, Fable of the MirrorBreaker, Rare, NEO, 141, https://c1.scryfall.com/file/scryfall-cards/large/front/2/4/24c0d87b-0049-4beb-b9cb-6f813b7aa7dc.jpg?1656453233, 19.79 GBP,
MTG, Flame Discharge, Uncommon, NEO, 142, https://c1.scryfall.com/file/scryfall-cards/large/front/0/b/0b44534f-d10c-4754-8585-5fe9db5fd4ea.jpg?1654567620, 0.02 GBP,
MTG, Gift of Wrath, Common, NEO, 143, https://c1.scryfall.com/file/scryfall-cards/large/front/3/c/3c33f6d9-be29-4698-96f9-d393a2c8ad68.jpg?1654567640, 0.02 GBP,
MTG, GoShintai of Ancient Wars, Uncommon, NEO, 144, https://c1.scryfall.com/file/scryfall-cards/large/front/5/b/5b915e8d-b972-4ae1-a1c3-74d6623963c8.jpg?1654567651, 0.16 GBP,
MTG, GoroGoro Disciple of Ryusei, Rare, NEO, 145, https://c1.scryfall.com/file/scryfall-cards/large/front/1/c/1ca736c7-35a9-48c7-b5a9-69b2a6e33ad0.jpg?1654567661, 0.39 GBP,
MTG, Heiko Yamazaki the General, Uncommon, NEO, 146, https://c1.scryfall.com/file/scryfall-cards/large/front/9/e/9ea5e61c-d903-410b-9acf-96a917ce05cc.jpg?1654567669, 0.06 GBP,
MTG, Invoke Calamity, Rare, NEO, 147, https://c1.scryfall.com/file/scryfall-cards/large/front/f/e/fe666c86-6734-4c47-9244-bcd26b54068d.jpg?1654567682, 0.20 GBP,
MTG, Ironhoof Boar, Common, NEO, 148, https://c1.scryfall.com/file/scryfall-cards/large/front/7/3/73abe574-6fb8-4809-9c18-0cf989f986f5.jpg?1654567688, 0.03 GBP,
MTG, Kami of Industry, Common, NEO, 149, https://c1.scryfall.com/file/scryfall-cards/large/front/d/3/d3d00e61-3007-43da-960b-823e9ead2acf.jpg?1654567702, 0.02 GBP,
MTG, Kamis Flare, Common, NEO, 150, https://c1.scryfall.com/file/scryfall-cards/large/front/b/e/bef5d58e-b490-4682-9a44-12cd61a94c0f.jpg?1654567705, 0.06 GBP,
MTG, Kindled Fury, Common, NEO, 151, https://c1.scryfall.com/file/scryfall-cards/large/front/5/8/58c8bdce-73a3-4266-b3d6-61dbf4534ea3.jpg?1654567722, 0.02 GBP,
MTG, Kumano Faces Kakkazan, Uncommon, NEO, 152, https://c1.scryfall.com/file/scryfall-cards/large/front/2/8/28d92cad-45b0-479d-97fc-c175f3a3f259.jpg?1660075559, 0.15 GBP,
MTG, Lizard Blades, Rare, NEO, 153, https://c1.scryfall.com/file/scryfall-cards/large/front/a/7/a747e6cf-c687-4c4f-8e07-d51165d6cb62.jpg?1654567747, 0.49 GBP,
MTG, March of Reckless Joy, Rare, NEO, 154, https://c1.scryfall.com/file/scryfall-cards/large/front/7/8/780e1bf1-e392-40f2-9e84-764dedc5fcd4.jpg?1654567748, 0.16 GBP,
MTG, OgreHead Helm, Rare, NEO, 155, https://c1.scryfall.com/file/scryfall-cards/large/front/3/a/3a0d5f7d-4e8a-42ad-8875-610004bd9796.jpg?1654567765, 0.05 GBP,
MTG, Peerless Samurai, Common, NEO, 156, https://c1.scryfall.com/file/scryfall-cards/large/front/e/5/e5b2176d-8925-4474-9d3e-1c97192715fb.jpg?1654567775, 0.05 GBP,
MTG, Rabbit Battery, Uncommon, NEO, 157, https://c1.scryfall.com/file/scryfall-cards/large/front/5/d/5d33a5b7-797b-4079-8d62-edd124c0fb5a.jpg?1654567784, 0.27 GBP,
MTG, Reinforced Ronin, Uncommon, NEO, 158, https://c1.scryfall.com/file/scryfall-cards/large/front/8/9/89a18961-8f0b-4e98-9de4-aba97e91ad9a.jpg?1654567795, 0.28 GBP,
MTG, Scrap Welder, Rare, NEO, 159, https://c1.scryfall.com/file/scryfall-cards/large/front/1/4/14057067-2325-4229-8580-d9a6397ae343.jpg?1654567802, 0.08 GBP,
MTG, Scrapyard Steelbreaker, Common, NEO, 160, https://c1.scryfall.com/file/scryfall-cards/large/front/5/7/5776e576-5562-45ea-a29b-185410317e17.jpg?1654567814, 0.02 GBP,
MTG, Seismic Wave, Uncommon, NEO, 161, https://c1.scryfall.com/file/scryfall-cards/large/front/e/5/e55b8ffb-c2e4-4676-9051-ff6c686cad0b.jpg?1654567822, 0.13 GBP,
MTG, The Shattered States Era, Common, NEO, 162, https://c1.scryfall.com/file/scryfall-cards/large/front/5/1/517392f6-d3fd-4c59-8317-2a3595ab7562.jpg?1656453268, 0.02 GBP,
MTG, Simian Sling, Common, NEO, 163, https://c1.scryfall.com/file/scryfall-cards/large/front/3/7/37a00f95-d563-4d51-a5f2-af139261921a.jpg?1654567852, 0.04 GBP,
MTG, Sokenzan Smelter, Uncommon, NEO, 164, https://c1.scryfall.com/file/scryfall-cards/large/front/7/5/758724f9-93c9-4178-ae40-3fefc75a010e.jpg?1654567872, 0.02 GBP,
MTG, Tempered in Solitude, Uncommon, NEO, 165, https://c1.scryfall.com/file/scryfall-cards/large/front/2/c/2cfd0693-6dba-4c0d-8c42-859d7bf38c40.jpg?1654567875, 0.08 GBP,
MTG, Thundering Raiju, Rare, NEO, 166, https://c1.scryfall.com/file/scryfall-cards/large/front/e/c/ec1a2920-6d39-4276-921c-65cc16a45f17.jpg?1654567892, 0.25 GBP,
MTG, Towashi Songshaper, Common, NEO, 167, https://c1.scryfall.com/file/scryfall-cards/large/front/f/7/f7ff9be1-765f-4001-a0ac-39c8099924eb.jpg?1654567893, 0.04 GBP,
MTG, Twinshot Sniper, Uncommon, NEO, 168, https://c1.scryfall.com/file/scryfall-cards/large/front/0/8/08a86009-4637-4b6c-9d36-367151583668.jpg?1654567912, 0.06 GBP,
MTG, Unstoppable Ogre, Common, NEO, 169, https://c1.scryfall.com/file/scryfall-cards/large/front/7/1/719f20d9-2baa-49b3-8c6a-89f21a07d538.jpg?1654567922, 0.02 GBP,
MTG, Upriser Renegade, Uncommon, NEO, 170, https://c1.scryfall.com/file/scryfall-cards/large/front/6/2/62d878c2-a340-4751-adaa-e50b0bb85423.jpg?1654567929, 0.07 GBP,
MTG, Voltage Surge, Common, NEO, 171, https://c1.scryfall.com/file/scryfall-cards/large/front/5/a/5a9b7141-45b9-4629-a4e4-b50f93929717.jpg?1654567941, 0.09 GBP,
MTG, Azusas Many Journeys, Uncommon, NEO, 172, https://c1.scryfall.com/file/scryfall-cards/large/front/e/8/e8a51d2a-1582-4bad-995c-e7fe9f810149.jpg?1656453313, 0.12 GBP,
MTG, Bamboo Grove Archer, Common, NEO, 173, https://c1.scryfall.com/file/scryfall-cards/large/front/8/b/8b43bb9f-1b84-41cc-a4f9-5875ae6d207c.jpg?1654567968, 0.04 GBP,
MTG, Bearer of Memory, Common, NEO, 174, https://c1.scryfall.com/file/scryfall-cards/large/front/5/4/540ba70a-bea8-4512-83ba-92dab6d25b52.jpg?1654567969, 0.02 GBP,
MTG, Blossom Prancer, Uncommon, NEO, 175, https://c1.scryfall.com/file/scryfall-cards/large/front/d/2/d26abdf2-efd7-40e5-bfc6-d75fcadd26f8.jpg?1654567990, 0.04 GBP,
MTG, Boon of Boseiju, Uncommon, NEO, 176, https://c1.scryfall.com/file/scryfall-cards/large/front/0/6/06771591-0480-4232-bc67-216b2e0fe738.jpg?1654567992, 0.02 GBP,
MTG, Boseiju Reaches Skyward, Uncommon, NEO, 177, https://c1.scryfall.com/file/scryfall-cards/large/front/1/1/1144014b-f13b-4397-97ed-a8de46371a2c.jpg?1656453331, 0.13 GBP,
MTG, Careful Cultivation, Common, NEO, 178, https://c1.scryfall.com/file/scryfall-cards/large/front/9/e/9e2ebad5-0a56-4166-80af-7ebd20ae565a.jpg?1654568011, 0.09 GBP,
MTG, Coiling Stalker, Common, NEO, 179, https://c1.scryfall.com/file/scryfall-cards/large/front/6/e/6eba24f6-8a9c-4398-b2ab-3924b107c7b7.jpg?1654568030, 0.02 GBP,
MTG, Commune with Spirits, Common, NEO, 180, https://c1.scryfall.com/file/scryfall-cards/large/front/a/3/a35ff4dd-bad3-4496-82b3-8253f48af06d.jpg?1654568031, 0.09 GBP,
MTG, The DragonKami Reborn, Rare, NEO, 181, https://c1.scryfall.com/file/scryfall-cards/large/front/2/5/2534caaa-a793-415f-977f-1d0fac3642ab.jpg?1654626219, 0.14 GBP,
MTG, Fade into Antiquity, Common, NEO, 182, https://c1.scryfall.com/file/scryfall-cards/large/front/5/5/55174ab7-9f2e-42e5-a61b-57458cfd33f3.jpg?1654568069, 0.13 GBP,
MTG, Fang of Shigeki, Common, NEO, 183, https://c1.scryfall.com/file/scryfall-cards/large/front/2/d/2dd0fef1-209f-4de5-a736-8f9bca2faa0a.jpg?1654568075, 0.03 GBP,
MTG, Favor of Jukai, Common, NEO, 184, https://c1.scryfall.com/file/scryfall-cards/large/front/1/0/1013266a-81f4-4441-8dcf-2764d14afceb.jpg?1654568089, 0.02 GBP,
MTG, Generous Visitor, Uncommon, NEO, 185, https://c1.scryfall.com/file/scryfall-cards/large/front/d/1/d1066ccd-a932-4d05-98da-11ae4675364e.jpg?1654568092, 0.18 GBP,
MTG, Geothermal Kami, Common, NEO, 186, https://c1.scryfall.com/file/scryfall-cards/large/front/5/5/559d7162-39fc-4d99-8c5f-b40a765b883a.jpg?1654568107, 0.04 GBP,
MTG, GoShintai of Boundless Vigor, Uncommon, NEO, 187, https://c1.scryfall.com/file/scryfall-cards/large/front/6/9/691016a1-8630-423c-9a57-061593d170fd.jpg?1654568114, 0.13 GBP,
MTG, Grafted Growth, Common, NEO, 188, https://c1.scryfall.com/file/scryfall-cards/large/front/e/7/e7a15010-1b70-4b4f-8b5d-cb2d764a1799.jpg?1654568125, 0.15 GBP,
MTG, Greater Tanuki, Common, NEO, 189, https://c1.scryfall.com/file/scryfall-cards/large/front/b/4/b4fbaee3-a10f-4b2d-b07e-d041a96a7e27.jpg?1654568132, 0.17 GBP,
MTG, Harmonious Emergence, Common, NEO, 190, https://c1.scryfall.com/file/scryfall-cards/large/front/c/9/c92ff968-b436-4313-8375-8a3bb41f9892.jpg?1654568143, 0.02 GBP,
MTG, Heir of the Ancient Fang, Common, NEO, 191, https://c1.scryfall.com/file/scryfall-cards/large/front/d/4/d45daa56-6ad8-4df7-9d81-3193fd32e574.jpg?1654568149, 0.02 GBP,
MTG, Historians Wisdom, Uncommon, NEO, 192, https://c1.scryfall.com/file/scryfall-cards/large/front/9/4/941f91bb-f5a3-4cca-85b5-b610502460bb.jpg?1654568164, 0.02 GBP,
MTG, Invoke the Ancients, Rare, NEO, 193, https://c1.scryfall.com/file/scryfall-cards/large/front/b/5/b5c02102-3be7-462f-ab9c-ff404255002d.jpg?1654568175, 0.24 GBP,
MTG, Jugan Defends the Temple, Mythic Rare, NEO, 194, https://c1.scryfall.com/file/scryfall-cards/large/front/a/2/a22b5f27-f9e7-49e1-8e96-dc5d8e7fbe27.jpg?1656453354, 1.02 GBP,
MTG, Jukai Preserver, Common, NEO, 195, https://c1.scryfall.com/file/scryfall-cards/large/front/e/6/e66120a5-95a3-4d15-873c-cfba221a2299.jpg?1654568198, 0.02 GBP,
MTG, Jukai Trainee, Common, NEO, 196, https://c1.scryfall.com/file/scryfall-cards/large/front/8/b/8be526cd-1480-4661-a05b-e004d7b4656c.jpg?1654568201, 0.02 GBP,
MTG, Kami of Transience, Rare, NEO, 197, https://c1.scryfall.com/file/scryfall-cards/large/front/7/d/7d038a59-e589-45f4-b5ef-6d2f9875d560.jpg?1654568218, 0.27 GBP,
MTG, Kappa TechWrecker, Uncommon, NEO, 198, https://c1.scryfall.com/file/scryfall-cards/large/front/d/3/d3a7bc69-4500-4e7e-94e4-67b85597bd82.jpg?1654568221, 0.08 GBP,
MTG, Kodama of the West Tree, Mythic Rare, NEO, 199, https://c1.scryfall.com/file/scryfall-cards/large/front/e/f/ef1e1dff-b559-441d-8df3-b6a418066aca.jpg?1654568238, 4.42 GBP,
MTG, Kura the Boundless Sky, Mythic Rare, NEO, 200, https://c1.scryfall.com/file/scryfall-cards/large/front/0/6/06b25752-26be-4189-bc8b-828db6f0e612.jpg?1654568249, 2.58 GBP,
MTG, March of Burgeoning Life, Rare, NEO, 201, https://c1.scryfall.com/file/scryfall-cards/large/front/0/e/0e223d99-408a-413d-abb1-cb2f11ae521d.jpg?1654568257, 0.12 GBP,
MTG, Masters Rebuke, Common, NEO, 202, https://c1.scryfall.com/file/scryfall-cards/large/front/7/d/7d42ca7c-5b36-45a9-b235-4f90e66f4377.jpg?1654568270, 0.01 GBP,
MTG, Orochi MergeKeeper, Uncommon, NEO, 203, https://c1.scryfall.com/file/scryfall-cards/large/front/7/3/736c3278-6ee2-47f9-aab0-1457e90137b1.jpg?1654568276, 0.06 GBP,
MTG, Roaring Earth, Uncommon, NEO, 204, https://c1.scryfall.com/file/scryfall-cards/large/front/8/c/8cbdd88e-c532-4fc0-a1fe-8aa0c26d1092.jpg?1654568291, 0.03 GBP,
MTG, Season of Renewal, Common, NEO, 205, https://c1.scryfall.com/file/scryfall-cards/large/front/8/4/841f0ec2-94c7-4cec-94bb-b365084ca45f.jpg?1654568303, 0.13 GBP,
MTG, Shigeki Jukai Visionary, Rare, NEO, 206, https://c1.scryfall.com/file/scryfall-cards/large/front/5/2/52a16623-7e6d-405b-95db-bf18aeea3f49.jpg?1654568313, 0.14 GBP,
MTG, Spinning Wheel Kick, Uncommon, NEO, 207, https://c1.scryfall.com/file/scryfall-cards/large/front/5/f/5f36ddd7-82c1-45ef-a966-ae2a34c540e1.jpg?1654568320, 0.13 GBP,
MTG, SpringLeaf Avenger, Rare, NEO, 208, https://c1.scryfall.com/file/scryfall-cards/large/front/7/4/74b1ba9c-ee62-461f-8422-f791274e2f1c.jpg?1654568333, 0.09 GBP,
MTG, Storyweave, Uncommon, NEO, 209, https://c1.scryfall.com/file/scryfall-cards/large/front/5/0/50a77eed-aa03-43b7-b3c8-6aee4c96c648.jpg?1654568337, 0.13 GBP,
MTG, Tales of Master Seshiro, Common, NEO, 210, https://c1.scryfall.com/file/scryfall-cards/large/front/5/1/512bc867-3a86-4da2-93f0-dd76d6a6f30d.jpg?1656453375, 0.08 GBP,
MTG, Tamiyos Safekeeping, Common, NEO, 211, https://c1.scryfall.com/file/scryfall-cards/large/front/f/d/fd4b7ee2-de65-4288-872d-486065a4f226.jpg?1654568357, 0.32 GBP,
MTG, Teachings of the Kirin, Rare, NEO, 212, https://c1.scryfall.com/file/scryfall-cards/large/front/4/c/4c0c6c2a-4352-4c65-b41d-2a722bbef6c5.jpg?1656615983, 0.14 GBP,
MTG, Weaver of Harmony, Rare, NEO, 213, https://c1.scryfall.com/file/scryfall-cards/large/front/d/1/d1682673-e947-44e2-b9c9-cbcb9a16892b.jpg?1654568377, 0.70 GBP,
MTG, Webspinner Cuff, Uncommon, NEO, 214, https://c1.scryfall.com/file/scryfall-cards/large/front/e/7/e73cc6a7-0a18-488c-b52a-787da95a2e6b.jpg?1654568394, 0.02 GBP,
MTG, Asari Captain, Uncommon, NEO, 215, https://c1.scryfall.com/file/scryfall-cards/large/front/8/3/834b4e6a-1812-4399-8fe4-bb1686ba49ef.jpg?1654568396, 0.12 GBP,
MTG, Colossal Skyturtle, Uncommon, NEO, 216, https://c1.scryfall.com/file/scryfall-cards/large/front/f/4/f40bd797-4d12-4098-a1a8-d7e5b7b82ac9.jpg?1654568412, 0.15 GBP,
MTG, Eiganjo Uprising, Rare, NEO, 217, https://c1.scryfall.com/file/scryfall-cards/large/front/3/5/35203138-5237-49aa-a335-7a32829548a1.jpg?1654568415, 0.15 GBP,
MTG, Enthusiastic Mechanaut, Uncommon, NEO, 218, https://c1.scryfall.com/file/scryfall-cards/large/front/a/c/ac00521f-1b7d-478d-afe8-6761ea512d8d.jpg?1654568430, 0.09 GBP,
MTG, Gloomshrieker, Uncommon, NEO, 219, https://c1.scryfall.com/file/scryfall-cards/large/front/a/2/a2b50751-7f65-4321-86da-eef735bf8b67.jpg?1654568435, 0.10 GBP,
MTG, Greasefang Okiba Boss, Rare, NEO, 220, https://c1.scryfall.com/file/scryfall-cards/large/front/5/6/56a0d43b-4d38-40a7-be6c-8324ab3bf773.jpg?1654568449, 0.64 GBP,
MTG, Hidetsugu Consumes All, Mythic Rare, NEO, 221, https://c1.scryfall.com/file/scryfall-cards/large/front/8/e/8e910464-329a-4de1-930a-be85b1956676.jpg?1656453394, 3.98 GBP,
MTG, Hinata DawnCrowned, Rare, NEO, 222, https://c1.scryfall.com/file/scryfall-cards/large/front/f/2/f25aff90-56fd-4f70-bb3b-cabf2900c391.jpg?1654568472, 0.27 GBP,
MTG, Invigorating Hot Spring, Uncommon, NEO, 223, https://c1.scryfall.com/file/scryfall-cards/large/front/5/9/59a118d1-30b8-42c0-ac42-6fba0778200a.jpg?1654568472, 0.09 GBP,
MTG, Isshin Two Heavens as One, Rare, NEO, 224, https://c1.scryfall.com/file/scryfall-cards/large/front/a/0/a062a004-984e-4b62-960c-af7288f7a3e9.jpg?1654568489, 0.24 GBP,
MTG, Jukai Naturalist, Uncommon, NEO, 225, https://c1.scryfall.com/file/scryfall-cards/large/front/5/3/5366900b-2abf-4e5c-8507-f51aca9c7ce8.jpg?1654568491, 0.33 GBP,
MTG, Kaito Shizuki, Mythic Rare, NEO, 226, https://c1.scryfall.com/file/scryfall-cards/large/front/2/d/2d35a710-3008-4e27-8afd-6e83329f9917.jpg?1654568510, 7.34 GBP,
MTG, The Kami War, Mythic Rare, NEO, 227, https://c1.scryfall.com/file/scryfall-cards/large/front/3/6/36052532-5028-43a8-9fc4-56221ec867fd.jpg?1656453412, 0.74 GBP,
MTG, Kotose the Silent Spider, Rare, NEO, 228, https://c1.scryfall.com/file/scryfall-cards/large/front/3/1/314e97b5-cd43-4f5e-acdd-a107208e061c.jpg?1654568534, 0.11 GBP,
MTG, Naomi Pillar of Order, Uncommon, NEO, 229, https://c1.scryfall.com/file/scryfall-cards/large/front/4/4/4400fd66-1a24-47fb-bc94-37e0aae0e610.jpg?1654568537, 0.03 GBP,
MTG, OniCult Anvil, Uncommon, NEO, 230, https://c1.scryfall.com/file/scryfall-cards/large/front/c/8/c84db1e2-855c-4169-a9cc-a54c73c14e0c.jpg?1654568557, 0.30 GBP,
MTG, Prodigys Prototype, Uncommon, NEO, 231, https://c1.scryfall.com/file/scryfall-cards/large/front/b/e/be046e0a-6509-450b-b34f-29d5a5e3472e.jpg?1654568557, 0.04 GBP,
MTG, Raiyuu Storms Edge, Rare, NEO, 232, https://c1.scryfall.com/file/scryfall-cards/large/front/3/7/37748b74-0eda-4b20-a08f-faa418adb9ff.jpg?1654568575, 0.15 GBP,
MTG, Risona Asari Commander, Rare, NEO, 233, https://c1.scryfall.com/file/scryfall-cards/large/front/5/1/51d8f1fa-ca92-4e2e-91e8-195bdad82def.jpg?1654568577, 0.24 GBP,
MTG, Satoru Umezawa, Rare, NEO, 234, https://c1.scryfall.com/file/scryfall-cards/large/front/8/8/8887f26d-b097-4fbc-9c48-bdc656409a32.jpg?1654568594, 0.30 GBP,
MTG, Satsuki the Living Lore, Rare, NEO, 235, https://c1.scryfall.com/file/scryfall-cards/large/front/0/1/0152575b-31b0-4142-9cc2-b87a81bd51a8.jpg?1654568597, 0.14 GBP,
MTG, SilverFur Master, Uncommon, NEO, 236, https://c1.scryfall.com/file/scryfall-cards/large/front/c/a/cacc36d9-4c4b-43b2-a8b4-d265deb1e6b2.jpg?1654568620, 0.20 GBP,
MTG, SpiritSisters Call, Mythic Rare, NEO, 237, https://c1.scryfall.com/file/scryfall-cards/large/front/f/0/f094735f-5843-4f75-bc90-3e248a061a43.jpg?1654568621, 0.36 GBP,
MTG, Tamiyo Compleated Sage, Mythic Rare, NEO, 238, https://c1.scryfall.com/file/scryfall-cards/large/front/2/2/222a736e-d819-452d-aeda-eb848c4b2302.jpg?1656616489, 1.97 GBP,
MTG, Automated Artificer, Common, NEO, 239, https://c1.scryfall.com/file/scryfall-cards/large/front/b/8/b8c30ffb-b4f5-40b0-87b8-800a42bded2b.jpg?1654568639, 0.10 GBP,
MTG, Bronze Cudgels, Uncommon, NEO, 240, https://c1.scryfall.com/file/scryfall-cards/large/front/4/5/45fa226c-cc31-4c22-a167-40985706557b.jpg?1654568640, 0.02 GBP,
MTG, Brute Suit, Common, NEO, 241, https://c1.scryfall.com/file/scryfall-cards/large/front/3/6/363cb43a-e358-4380-a42f-9b095ca522c6.jpg?1654568659, 0.01 GBP,
MTG, Circuit Mender, Uncommon, NEO, 242, https://c1.scryfall.com/file/scryfall-cards/large/front/d/e/defaeb68-3f8a-4740-b13f-8c71c7e9c8b4.jpg?1654568662, 0.09 GBP,
MTG, Containment Construct, Uncommon, NEO, 243, https://c1.scryfall.com/file/scryfall-cards/large/front/5/2/520e5505-429b-4da0-b25e-14b8d4e81ce3.jpg?1654568680, 0.54 GBP,
MTG, Dramatists Puppet, Common, NEO, 244, https://c1.scryfall.com/file/scryfall-cards/large/front/b/4/b490e065-b54a-4015-9768-d0e62f0e2e84.jpg?1654568681, 0.03 GBP,
MTG, Eater of Virtue, Rare, NEO, 245, https://c1.scryfall.com/file/scryfall-cards/large/front/3/4/34d92077-d7b2-4996-848f-fd4917e2fb42.jpg?1655144364, 0.14 GBP,
MTG, Ecologists Terrarium, Common, NEO, 246, https://c1.scryfall.com/file/scryfall-cards/large/front/1/d/1d981026-b2df-4d8d-a9b4-296b011d9925.jpg?1654568706, 0.09 GBP,
MTG, HighSpeed Hoverbike, Uncommon, NEO, 247, https://c1.scryfall.com/file/scryfall-cards/large/front/7/c/7c619116-1eae-439d-9b1f-639643458a23.jpg?1654568718, 0.04 GBP,
MTG, Iron Apprentice, Common, NEO, 248, https://c1.scryfall.com/file/scryfall-cards/large/front/1/3/13d6d9fc-509b-42db-8ac1-85066eb6e9c4.jpg?1654568727, 0.08 GBP,
MTG, Mechtitan Core, Rare, NEO, 249, https://c1.scryfall.com/file/scryfall-cards/large/front/c/a/ca286ba9-01a7-4dce-b388-177f5dcb95b1.jpg?1654568740, 0.21 GBP,
MTG, Mirror Box, Rare, NEO, 250, https://c1.scryfall.com/file/scryfall-cards/large/front/d/5/d507daa3-3f16-4ab1-81ea-794e5bb488fc.jpg?1654568747, 0.86 GBP,
MTG, Network Terminal, Common, NEO, 251, https://c1.scryfall.com/file/scryfall-cards/large/front/d/6/d61e596f-97ef-4eb3-af42-ddfe50d07667.jpg?1654568760, 0.03 GBP,
MTG, Ninjas Kunai, Common, NEO, 252, https://c1.scryfall.com/file/scryfall-cards/large/front/a/f/af6ae567-c77a-416a-b609-4df3d0dd2e18.jpg?1654568773, 0.02 GBP,
MTG, Papercraft Decoy, Common, NEO, 253, https://c1.scryfall.com/file/scryfall-cards/large/front/3/4/3453084c-42cc-4241-b244-c79e704f96c8.jpg?1654568778, 0.03 GBP,
MTG, Patchwork Automaton, Uncommon, NEO, 254, https://c1.scryfall.com/file/scryfall-cards/large/front/7/a/7a4e1580-dd26-4f4b-ac98-3e6fa7b879d5.jpg?1654568794, 0.26 GBP,
MTG, Reckoner Bankbuster, Rare, NEO, 255, https://c1.scryfall.com/file/scryfall-cards/large/front/2/7/279acd17-6c17-427b-a69d-fc02442ff4a3.jpg?1654568798, 0.72 GBP,
MTG, Reito Sentinel, Uncommon, NEO, 256, https://c1.scryfall.com/file/scryfall-cards/large/front/0/2/0218923a-b685-4492-8fdd-2d2d22ef532e.jpg?1654568814, 0.10 GBP,
MTG, Runaway TrashBot, Uncommon, NEO, 257, https://c1.scryfall.com/file/scryfall-cards/large/front/3/e/3eebf6a6-f1fd-40a1-ac27-367deafa6f2a.jpg?1654568815, 0.02 GBP,
MTG, Searchlight Companion, Common, NEO, 258, https://c1.scryfall.com/file/scryfall-cards/large/front/0/b/0b79b30e-e7aa-490e-b130-de7533e6e13b.jpg?1654568834, 0.02 GBP,
MTG, Shrine Steward, Common, NEO, 259, https://c1.scryfall.com/file/scryfall-cards/large/front/7/5/75e8d71c-3a0b-4042-a0f7-e99e92a79dc2.jpg?1654568835, 0.09 GBP,
MTG, Surgehacker Mech, Rare, NEO, 260, https://c1.scryfall.com/file/scryfall-cards/large/front/3/c/3c4bf679-01cc-4786-a3bd-89c8ae70fdfa.jpg?1654568854, 0.13 GBP,
MTG, Thundersteel Colossus, Common, NEO, 261, https://c1.scryfall.com/file/scryfall-cards/large/front/b/7/b7d49f9c-2dd3-4aed-9b78-e1bcad354a35.jpg?1654568856, 0.01 GBP,
MTG, Towashi GuideBot, Uncommon, NEO, 262, https://c1.scryfall.com/file/scryfall-cards/large/front/d/a/da4ccf70-b661-46ea-bea9-4466a3a35562.jpg?1654568874, 0.04 GBP,
MTG, Walking Skyscraper, Uncommon, NEO, 263, https://c1.scryfall.com/file/scryfall-cards/large/front/9/5/958af4ba-f29e-47ef-995e-3985982c75ad.jpg?1654568875, 0.08 GBP,
MTG, Bloodfell Caves, Common, NEO, 264, https://c1.scryfall.com/file/scryfall-cards/large/front/b/a/ba06fcda-7ab8-48d4-8656-2a911e73dc44.jpg?1654568892, 0.08 GBP,
MTG, Blossoming Sands, Common, NEO, 265, https://c1.scryfall.com/file/scryfall-cards/large/front/d/2/d290ec6b-15a6-49e8-abd2-b8c4d0f556eb.jpg?1654568893, 0.03 GBP,
MTG, Boseiju Who Endures, Rare, NEO, 266, https://c1.scryfall.com/file/scryfall-cards/large/front/2/1/2135ac5a-187b-4dc9-8f82-34e8d1603416.jpg?1654568912, 28.97 GBP,
MTG, Dismal Backwater, Common, NEO, 267, https://c1.scryfall.com/file/scryfall-cards/large/front/f/a/fab0660b-81f8-40ca-8098-5f8d51219a40.jpg?1654568913, 0.05 GBP,
MTG, Eiganjo Seat of the Empire, Rare, NEO, 268, https://c1.scryfall.com/file/scryfall-cards/large/front/c/3/c375a022-5b57-496d-a802-e4ea8376e9e4.jpg?1654568932, 4.81 GBP,
MTG, Jungle Hollow, Common, NEO, 269, https://c1.scryfall.com/file/scryfall-cards/large/front/d/e/deadca61-0be9-4eeb-ba12-bc73a49bae74.jpg?1654568933, 0.03 GBP,
MTG, Mech Hangar, Uncommon, NEO, 270, https://c1.scryfall.com/file/scryfall-cards/large/front/c/0/c093984d-38cd-4b49-b179-1e289ab442d1.jpg?1654568955, 0.11 GBP,
MTG, Otawara Soaring City, Rare, NEO, 271, https://c1.scryfall.com/file/scryfall-cards/large/front/4/8/486d7edc-d983-41f0-8b78-c99aecd72996.jpg?1654568960, 13.14 GBP,
MTG, Roadside Reliquary, Uncommon, NEO, 272, https://c1.scryfall.com/file/scryfall-cards/large/front/8/0/8002de90-93fb-48ea-a849-40fdad0aef5a.jpg?1654568978, 0.17 GBP,
MTG, Rugged Highlands, Common, NEO, 273, https://c1.scryfall.com/file/scryfall-cards/large/front/5/8/58d511be-60e0-4755-abec-18eebb530605.jpg?1654568980, 0.09 GBP,
MTG, Scoured Barrens, Common, NEO, 274, https://c1.scryfall.com/file/scryfall-cards/large/front/0/0/00538414-90f3-41da-b67e-d81cfa643de3.jpg?1654568996, 0.07 GBP,
MTG, Secluded Courtyard, Uncommon, NEO, 275, https://c1.scryfall.com/file/scryfall-cards/large/front/0/5/0539b1a5-8704-476f-ba1f-2fe01190e157.jpg?1654568998, 1.80 GBP,
MTG, Sokenzan Crucible of Defiance, Rare, NEO, 276, https://c1.scryfall.com/file/scryfall-cards/large/front/a/a/aa548dcd-c1dd-492d-a69f-c65dfeef0633.jpg?1654569016, 2.57 GBP,
MTG, Swiftwater Cliffs, Common, NEO, 277, https://c1.scryfall.com/file/scryfall-cards/large/front/e/a/ea6c2670-e6fd-40d6-afe0-7d3c4db96a4d.jpg?1654569020, 0.08 GBP,
MTG, Takenuma Abandoned Mire, Rare, NEO, 278, https://c1.scryfall.com/file/scryfall-cards/large/front/4/9/499037cc-a577-41cb-8ca2-5e117945634f.jpg?1654569039, 4.34 GBP,
MTG, Thornwood Falls, Common, NEO, 279, https://c1.scryfall.com/file/scryfall-cards/large/front/d/5/d5af3569-3e66-4a50-aca0-c17c799dca28.jpg?1654569043, 0.09 GBP,
MTG, Tranquil Cove, Common, NEO, 280, https://c1.scryfall.com/file/scryfall-cards/large/front/6/8/68f822b7-efc5-42c8-93ea-7dd17b4c3e7a.jpg?1654569065, 0.18 GBP,
MTG, Uncharted Haven, Common, NEO, 281, https://c1.scryfall.com/file/scryfall-cards/large/front/1/d/1d4ad89a-3a00-4bf4-a357-4a8a089d4a82.jpg?1654569074, 0.02 GBP,
MTG, WindScarred Crag, Common, NEO, 282, https://c1.scryfall.com/file/scryfall-cards/large/front/c/f/cf9b1d47-11ef-4f06-94b2-94b6727de3bd.jpg?1654569085, 0.05 GBP,
MTG, Plains, Common, NEO, 283, https://c1.scryfall.com/file/scryfall-cards/large/front/5/f/5fc26aa1-58b9-41b5-95b4-7e9bf2309b54.jpg?1654569094, 0.13 GBP,
MTG, Plains, Common, NEO, 284, https://c1.scryfall.com/file/scryfall-cards/large/front/4/d/4db21784-e56b-46bd-97a4-3770f2ef5caf.jpg?1654569104, 0.02 GBP,
MTG, Island, Common, NEO, 285, https://c1.scryfall.com/file/scryfall-cards/large/front/0/f/0f66d573-5da4-4b3c-ab06-bb330cff2c9a.jpg?1654569118, 0.10 GBP,
MTG, Island, Common, NEO, 286, https://c1.scryfall.com/file/scryfall-cards/large/front/8/e/8eae091d-8bd3-44d0-a083-6b4078303bc3.jpg?1654569122, 0.09 GBP,
MTG, Swamp, Common, NEO, 287, https://c1.scryfall.com/file/scryfall-cards/large/front/4/8/48f7492c-67f2-4ba3-848b-7a6a8df7e88b.jpg?1654569139, 0.06 GBP,
MTG, Swamp, Common, NEO, 288, https://c1.scryfall.com/file/scryfall-cards/large/front/f/d/fdfebc79-5d84-4ce5-8bff-d09fe333f4a3.jpg?1654569141, 0.09 GBP,
MTG, Mountain, Common, NEO, 289, https://c1.scryfall.com/file/scryfall-cards/large/front/2/f/2fe601b0-0398-47f0-9e4f-9f841ad79b9b.jpg?1654569163, 0.17 GBP,
MTG, Mountain, Common, NEO, 290, https://c1.scryfall.com/file/scryfall-cards/large/front/4/b/4b8489c0-b01c-466e-b33b-239406d7ea69.jpg?1654569164, 0.13 GBP,
MTG, Forest, Common, NEO, 291, https://c1.scryfall.com/file/scryfall-cards/large/front/a/e/aea5c36b-c107-4daf-bedb-507b4cd64724.jpg?1654569182, 0.07 GBP,
MTG, Forest, Common, NEO, 292, https://c1.scryfall.com/file/scryfall-cards/large/front/8/e/8e17db23-a8ca-416e-b978-1eae852c6690.jpg?1654569186, 0.05 GBP,
MTG, Plains, Common, NEO, 293, https://c1.scryfall.com/file/scryfall-cards/large/front/c/a/ca8fb179-7e81-4b20-8b81-ea1aa97afe58.jpg?1655495339, 1.12 GBP,
MTG, Plains, Common, NEO, 294, https://c1.scryfall.com/file/scryfall-cards/large/front/7/a/7a76d8ee-28fc-49ac-951c-a4d29822f91e.jpg?1655495359, 0.62 GBP,
MTG, Island, Common, NEO, 295, https://c1.scryfall.com/file/scryfall-cards/large/front/f/0/f0578f26-1396-4e1d-9986-8fc6c55aeb66.jpg?1655495377, 0.76 GBP,
MTG, Island, Common, NEO, 296, https://c1.scryfall.com/file/scryfall-cards/large/front/7/1/7132999f-6e2d-4689-8131-7b12076a348d.jpg?1655495395, 1.11 GBP,
MTG, Swamp, Common, NEO, 297, https://c1.scryfall.com/file/scryfall-cards/large/front/c/5/c50b3d79-2361-4858-98b0-64d83c4f7f70.jpg?1655495412, 1.08 GBP,
MTG, Swamp, Common, NEO, 298, https://c1.scryfall.com/file/scryfall-cards/large/front/5/7/57ef531e-2a8f-4d40-b509-92e3a86b2257.jpg?1655495433, 1.48 GBP,
MTG, Mountain, Common, NEO, 299, https://c1.scryfall.com/file/scryfall-cards/large/front/0/3/03cd5953-37fc-4a8a-89f8-0b5dd8412dc9.jpg?1655495450, 0.86 GBP,
MTG, Mountain, Common, NEO, 300, https://c1.scryfall.com/file/scryfall-cards/large/front/7/d/7d75969d-c932-4b4e-8135-61968228bc32.jpg?1655495468, 0.68 GBP,
MTG, Forest, Common, NEO, 301, https://c1.scryfall.com/file/scryfall-cards/large/front/a/c/acc778ae-a2d0-493f-963d-e946bd7cacd9.jpg?1655495487, 0.63 GBP,
MTG, Forest, Common, NEO, 302, https://c1.scryfall.com/file/scryfall-cards/large/front/c/8/c8179106-e5d7-457a-9250-70df980b38ce.jpg?1655495509, 0.84 GBP,
MTG, The Wandering Emperor, Mythic Rare, NEO, 303, https://c1.scryfall.com/file/scryfall-cards/large/front/7/1/71327818-2784-4fde-8e19-ef8677694a5f.jpg?1646363713, 38.57 GBP,
MTG, Tezzeret Betrayer of Flesh, Mythic Rare, NEO, 304, https://c1.scryfall.com/file/scryfall-cards/large/front/a/b/abc079b5-291d-466e-9f1b-baaf1079637b.jpg?1646363726, 4.99 GBP,
MTG, Kaito Shizuki, Mythic Rare, NEO, 305, https://c1.scryfall.com/file/scryfall-cards/large/front/e/1/e106e4cc-f3fc-41bf-ab1c-4ae7c1a0521c.jpg?1646363734, 15.50 GBP,
MTG, Tamiyo Compleated Sage, Mythic Rare, NEO, 306, https://c1.scryfall.com/file/scryfall-cards/large/front/5/8/5898a9c4-c983-4807-af06-18111702ab59.jpg?1646363755, 4.81 GBP,
MTG, aEDnGyts BytPtkrwFTrh, Mythic Rare, NEO, 307, https://c1.scryfall.com/file/scryfall-cards/large/front/8/8/8855ca31-842e-4962-a5f0-163a3f833784.jpg?1656616927, 18.88 GBP,
MTG, temDwooD pcEnusLiOlz, Mythic Rare, NEO, 308, https://c1.scryfall.com/file/scryfall-cards/large/front/c/e/ce16028f-25d0-4817-b20e-8b390b80ef35.jpg?1656616944, 6.44 GBP,
MTG, Eiganjo Exemplar, Common, NEO, 309, https://c1.scryfall.com/file/scryfall-cards/large/front/6/c/6c85917c-60ea-44d3-8483-fa639564e881.jpg?1654569200, 0.03 GBP,
MTG, Imperial Subduer, Common, NEO, 310, https://c1.scryfall.com/file/scryfall-cards/large/front/4/1/41e7420e-55d0-4f4b-84bb-e5b86616cbb3.jpg?1654569205, 0.04 GBP,
MTG, Norika Yamazaki the Poet, Uncommon, NEO, 311, https://c1.scryfall.com/file/scryfall-cards/large/front/3/4/344df5c2-a963-42e3-b61b-1712f15e1eb9.jpg?1654569226, 0.09 GBP,
MTG, Selfless Samurai, Uncommon, NEO, 312, https://c1.scryfall.com/file/scryfall-cards/large/front/8/2/82f1ade5-06ff-41ab-9a68-bf901959b01f.jpg?1654569237, 0.11 GBP,
MTG, SevenTail Mentor, Common, NEO, 313, https://c1.scryfall.com/file/scryfall-cards/large/front/2/6/267efff1-cbe6-40b0-959e-72b81cbda1d0.jpg?1654569244, 0.09 GBP,
MTG, SkyBlessed Samurai, Uncommon, NEO, 314, https://c1.scryfall.com/file/scryfall-cards/large/front/9/1/91d6a843-a1b7-4862-a2bf-8f8f66788126.jpg?1654569261, 0.03 GBP,
MTG, Sunblade Samurai, Common, NEO, 315, https://c1.scryfall.com/file/scryfall-cards/large/front/a/3/a32e2ad3-c5fb-4072-aabf-6cb9538db3ca.jpg?1654569262, 0.05 GBP,
MTG, The Wandering Emperor, Mythic Rare, NEO, 316, https://c1.scryfall.com/file/scryfall-cards/large/front/b/9/b92aafa5-9a21-4564-8b33-dab414cd5dca.jpg?1656453432, 59.98 GBP,
MTG, Guardians of Oboro, Common, NEO, 317, https://c1.scryfall.com/file/scryfall-cards/large/front/9/5/95dbd59e-a2f0-4031-b6c6-1b59fb7cb067.jpg?1654569279, 0.02 GBP,
MTG, Nezumi Bladeblesser, Common, NEO, 318, https://c1.scryfall.com/file/scryfall-cards/large/front/3/1/317bdf0d-df7d-4ca2-8131-060ba7cf2602.jpg?1654569282, 0.09 GBP,
MTG, Akki Ronin, Common, NEO, 319, https://c1.scryfall.com/file/scryfall-cards/large/front/f/a/fa16ee8e-d33a-40e9-9956-e345f0511819.jpg?1654569299, 0.24 GBP,
MTG, GoroGoro Disciple of Ryusei, Rare, NEO, 320, https://c1.scryfall.com/file/scryfall-cards/large/front/8/6/862e9b05-209d-47d6-8692-ec0cb5f19e25.jpg?1654569301, 0.45 GBP,
MTG, Heiko Yamazaki the General, Uncommon, NEO, 321, https://c1.scryfall.com/file/scryfall-cards/large/front/c/9/c91040c0-f025-4843-8c0e-3ac1b76c8582.jpg?1654569320, 0.02 GBP,
MTG, Peerless Samurai, Common, NEO, 322, https://c1.scryfall.com/file/scryfall-cards/large/front/2/4/247c362c-bf21-4bca-89d4-54eb60806f10.jpg?1654569324, 0.02 GBP,
MTG, Reinforced Ronin, Uncommon, NEO, 323, https://c1.scryfall.com/file/scryfall-cards/large/front/a/6/a69eec2f-eec0-491f-944c-ca944d9d320b.jpg?1654569338, 0.21 GBP,
MTG, Upriser Renegade, Uncommon, NEO, 324, https://c1.scryfall.com/file/scryfall-cards/large/front/5/2/52af0f2d-de2e-4554-ae32-c88bc7ba7c71.jpg?1654569346, 0.07 GBP,
MTG, Heir of the Ancient Fang, Common, NEO, 325, https://c1.scryfall.com/file/scryfall-cards/large/front/5/4/54509524-92b9-41a3-8aba-a8955a7dfa1a.jpg?1654569359, 0.02 GBP,
MTG, Jukai Trainee, Common, NEO, 326, https://c1.scryfall.com/file/scryfall-cards/large/front/1/6/164e663f-6a67-4a10-a737-33ea533a9316.jpg?1654569367, 0.02 GBP,
MTG, Asari Captain, Uncommon, NEO, 327, https://c1.scryfall.com/file/scryfall-cards/large/front/9/4/94158fdf-c794-4ce9-a04e-cb6922604d19.jpg?1654569379, 0.09 GBP,
MTG, Isshin Two Heavens as One, Rare, NEO, 328, https://c1.scryfall.com/file/scryfall-cards/large/front/1/b/1bf8b008-3a7c-4b6d-8c18-263a576f0d64.jpg?1654569386, 1.07 GBP,
MTG, Raiyuu Storms Edge, Rare, NEO, 329, https://c1.scryfall.com/file/scryfall-cards/large/front/1/0/1026485e-3df5-4ac7-baa1-06bff537a506.jpg?1654569399, 0.37 GBP,
MTG, Risona Asari Commander, Rare, NEO, 330, https://c1.scryfall.com/file/scryfall-cards/large/front/2/c/2cd32b69-5e1e-4990-88ec-85b21056ceae.jpg?1654569408, 0.33 GBP,
MTG, BladeBlizzard Kitsune, Uncommon, NEO, 331, https://c1.scryfall.com/file/scryfall-cards/large/front/5/3/53d244d4-c2c4-4032-b249-794556d79429.jpg?1654569417, 0.09 GBP,
MTG, Covert Technician, Uncommon, NEO, 332, https://c1.scryfall.com/file/scryfall-cards/large/front/2/f/2f268152-304a-4db8-a3f9-dd9d0f3319a1.jpg?1654569428, 0.12 GBP,
MTG, Futurist Operative, Uncommon, NEO, 333, https://c1.scryfall.com/file/scryfall-cards/large/front/4/7/47bad5c1-5804-4fba-91d9-3a49951f6e06.jpg?1654569435, 0.04 GBP,
MTG, MoonCircuit Hacker, Common, NEO, 334, https://c1.scryfall.com/file/scryfall-cards/large/front/7/5/75c43923-7280-4ccb-810b-e8c38dd8a26f.jpg?1654569447, 0.10 GBP,
MTG, Moonsnare Specialist, Common, NEO, 335, https://c1.scryfall.com/file/scryfall-cards/large/front/f/5/f5e2fdd4-b953-4e9a-b511-52199a34214e.jpg?1654569454, 0.03 GBP,
MTG, Prosperous Thief, Uncommon, NEO, 336, https://c1.scryfall.com/file/scryfall-cards/large/front/b/1/b1e666d9-d2ba-49a6-a2c7-cd2639bf4663.jpg?1654569465, 0.11 GBP,
MTG, ThousandFaced Shadow, Rare, NEO, 337, https://c1.scryfall.com/file/scryfall-cards/large/front/a/4/a48c2751-fd12-42f2-b8c1-eaf78c5e29eb.jpg?1654569473, 1.06 GBP,
MTG, BitingPalm Ninja, Rare, NEO, 338, https://c1.scryfall.com/file/scryfall-cards/large/front/9/2/92f92eb2-84ef-4343-9a31-41479c61a26d.jpg?1654570343, 0.39 GBP,
MTG, Dokuchi ShadowWalker, Common, NEO, 339, https://c1.scryfall.com/file/scryfall-cards/large/front/6/d/6d35bcc7-2280-4061-9a6c-e67038cfb114.jpg?1654569502, 0.04 GBP,
MTG, Dokuchi Silencer, Uncommon, NEO, 340, https://c1.scryfall.com/file/scryfall-cards/large/front/f/5/f5103a49-806f-48de-ba44-e252bb6dd035.jpg?1654569521, 0.12 GBP,
MTG, Inkrise Infiltrator, Common, NEO, 341, https://c1.scryfall.com/file/scryfall-cards/large/front/f/6/f66aaba3-4a28-4fcf-926a-34bbbf0dbeb4.jpg?1654569538, 0.02 GBP,
MTG, Mukotai Ambusher, Common, NEO, 342, https://c1.scryfall.com/file/scryfall-cards/large/front/3/5/357594c7-a9a6-468d-b262-e5f7d5e35f54.jpg?1654569560, 0.07 GBP,
MTG, Nashi Moon Sages Scion, Mythic Rare, NEO, 343, https://c1.scryfall.com/file/scryfall-cards/large/front/7/4/74e4f390-c420-44ec-a703-9a9d3ca6ab2e.jpg?1654569581, 3.14 GBP,
MTG, Nezumi Prowler, Uncommon, NEO, 344, https://c1.scryfall.com/file/scryfall-cards/large/front/9/a/9a64789a-748a-4630-949c-e1b045edd225.jpg?1654569613, 0.08 GBP,
MTG, Tatsunari Toad Rider, Rare, NEO, 345, https://c1.scryfall.com/file/scryfall-cards/large/front/a/8/a89b3345-d09c-46ec-b450-f52fbcac5233.jpg?1654569632, 0.94 GBP,
MTG, Coiling Stalker, Common, NEO, 346, https://c1.scryfall.com/file/scryfall-cards/large/front/8/2/8297592c-3036-434a-9dbb-5f0af804dd13.jpg?1654569633, 0.03 GBP,
MTG, Fang of Shigeki, Common, NEO, 347, https://c1.scryfall.com/file/scryfall-cards/large/front/9/4/94c8e2d5-2706-4137-bfdc-d65f1cd33bda.jpg?1654569653, 0.02 GBP,
MTG, Kappa TechWrecker, Uncommon, NEO, 348, https://c1.scryfall.com/file/scryfall-cards/large/front/b/9/b9017ff4-d63f-4dd2-9157-c93fe4866bef.jpg?1654569656, 0.08 GBP,
MTG, SpringLeaf Avenger, Rare, NEO, 349, https://c1.scryfall.com/file/scryfall-cards/large/front/7/7/77a144bb-df52-4d55-aecc-8c2ba644a942.jpg?1654569670, 0.13 GBP,
MTG, Kaito Shizuki, Mythic Rare, NEO, 350, https://c1.scryfall.com/file/scryfall-cards/large/front/a/e/ae6d5319-1cbb-41fb-83ed-97c9344e3073.jpg?1656453451, 15.44 GBP,
MTG, Kotose the Silent Spider, Rare, NEO, 351, https://c1.scryfall.com/file/scryfall-cards/large/front/b/f/bf89ee78-bcc9-419a-a400-e612b5a90f07.jpg?1654569674, 0.37 GBP,
MTG, Satoru Umezawa, Rare, NEO, 352, https://c1.scryfall.com/file/scryfall-cards/large/front/c/4/c415762a-5b24-4dbb-9066-6e9be48874a6.jpg?1654569691, 0.66 GBP,
MTG, SilverFur Master, Uncommon, NEO, 353, https://c1.scryfall.com/file/scryfall-cards/large/front/5/d/5d9a0771-072c-4b0c-afcb-15a6406473c6.jpg?1654569693, 0.15 GBP,
MTG, The Restoration of Eiganjo, Rare, NEO, 354, https://c1.scryfall.com/file/scryfall-cards/large/front/5/7/57900858-940f-4d62-8a2c-378e82f4b79c.jpg?1657724901, 0.53 GBP,
MTG, Inventive Iteration, Rare, NEO, 355, https://c1.scryfall.com/file/scryfall-cards/large/front/c/0/c0f54308-cbfb-484c-bb4d-efc04ef8d9a4.jpg?1657724488, 0.21 GBP,
MTG, Tribute to Horobi, Rare, NEO, 356, https://c1.scryfall.com/file/scryfall-cards/large/front/3/d/3d3a26bf-c3e3-40d0-8746-c135b3c4c7d1.jpg?1657724984, 0.22 GBP,
MTG, Fable of the MirrorBreaker, Rare, NEO, 357, https://c1.scryfall.com/file/scryfall-cards/large/front/0/b/0b696cd1-0d72-4df5-bacc-dc77e62f9a13.jpg?1656606776, 22.42 GBP,
MTG, The DragonKami Reborn, Rare, NEO, 358, https://c1.scryfall.com/file/scryfall-cards/large/front/2/d/2d77f095-c04e-4b7f-b1b1-2991a06134e8.jpg?1657724739, 0.13 GBP,
MTG, Jugan Defends the Temple, Mythic Rare, NEO, 359, https://c1.scryfall.com/file/scryfall-cards/large/front/2/9/29f05618-3c06-488e-80d8-3957be7f0a71.jpg?1657724577, 1.72 GBP,
MTG, Teachings of the Kirin, Rare, NEO, 360, https://c1.scryfall.com/file/scryfall-cards/large/front/d/9/d9587550-bb1e-40af-9569-0667f4439452.jpg?1657724657, 0.17 GBP,
MTG, Hidetsugu Consumes All, Mythic Rare, NEO, 361, https://c1.scryfall.com/file/scryfall-cards/large/front/8/8/887e6d1e-cb53-4964-ba0b-c15dffa5eb32.jpg?1656606738, 5.32 GBP,
MTG, The Kami War, Mythic Rare, NEO, 362, https://c1.scryfall.com/file/scryfall-cards/large/front/c/f/cfcc7dd5-c6ac-4e66-b197-c010dcfdb397.jpg?1657724823, 1.21 GBP,
MTG, Brilliant Restoration, Rare, NEO, 363, https://c1.scryfall.com/file/scryfall-cards/large/front/8/2/820390d7-fabb-4556-8d30-99f0a58b2da5.jpg?1654569800, 0.43 GBP,
MTG, Cloudsteel Kirin, Rare, NEO, 364, https://c1.scryfall.com/file/scryfall-cards/large/front/9/a/9ace38c6-2cc8-4f72-8276-eb02aa6773e0.jpg?1654569801, 0.51 GBP,
MTG, Farewell, Rare, NEO, 365, https://c1.scryfall.com/file/scryfall-cards/large/front/9/8/98c664bc-9585-47a7-9514-b3e30a4e1b59.jpg?1654569820, 9.12 GBP,
MTG, Invoke Justice, Rare, NEO, 366, https://c1.scryfall.com/file/scryfall-cards/large/front/c/5/c5c1acbf-5ef0-4677-b097-30db77d87310.jpg?1654569824, 0.20 GBP,
MTG, LightPaws Emperors Voice, Rare, NEO, 367, https://c1.scryfall.com/file/scryfall-cards/large/front/7/6/76614523-e51a-44ff-83ad-5be9e322697a.jpg?1654569841, 1.08 GBP,
MTG, Lion Sash, Rare, NEO, 368, https://c1.scryfall.com/file/scryfall-cards/large/front/3/0/308c8834-e06e-452a-b82e-cb2b8fe0c304.jpg?1654569851, 2.57 GBP,
MTG, March of Otherworldly Light, Rare, NEO, 369, https://c1.scryfall.com/file/scryfall-cards/large/front/a/4/a400cd7d-b004-4310-9787-bbec0fe36fd8.jpg?1654569863, 5.71 GBP,
MTG, Invoke the Winds, Rare, NEO, 370, https://c1.scryfall.com/file/scryfall-cards/large/front/3/0/307380fe-7484-4513-8180-f10411ea7726.jpg?1654569870, 0.38 GBP,
MTG, JinGitaxias Progress Tyrant, Mythic Rare, NEO, 371, https://c1.scryfall.com/file/scryfall-cards/large/front/0/1/01985566-275b-4bf0-8667-c81eb95ad70c.jpg?1654569882, 17.55 GBP,
MTG, March of Swirling Mist, Rare, NEO, 372, https://c1.scryfall.com/file/scryfall-cards/large/front/6/3/633a8eac-82c7-4e02-bff5-1e1095b781ef.jpg?1654569890, 0.63 GBP,
MTG, Mindlink Mech, Rare, NEO, 373, https://c1.scryfall.com/file/scryfall-cards/large/front/3/7/37163f66-393f-4cb7-9f55-307d3d4b5975.jpg?1654569906, 0.26 GBP,
MTG, The Reality Chip, Rare, NEO, 374, https://c1.scryfall.com/file/scryfall-cards/large/front/b/8/b8fb5ee3-97af-40c1-a8de-a2a62afd418d.jpg?1654569918, 2.87 GBP,
MTG, Tameshi Reality Architect, Rare, NEO, 375, https://c1.scryfall.com/file/scryfall-cards/large/front/9/1/91c0467d-bc7b-4233-8ac1-adb9d88344fb.jpg?1654569929, 0.40 GBP,
MTG, Tezzeret Betrayer of Flesh, Mythic Rare, NEO, 376, https://c1.scryfall.com/file/scryfall-cards/large/front/d/0/d0b71dd5-0bed-4c02-9f92-c52984e2bb78.jpg?1656453627, 4.28 GBP,
MTG, Blade of the Oni, Mythic Rare, NEO, 377, https://c1.scryfall.com/file/scryfall-cards/large/front/4/6/46f5c2f4-1690-4392-80d6-d99148bc8b13.jpg?1654569938, 2.36 GBP,
MTG, Hidetsugu Devouring Chaos, Rare, NEO, 378, https://c1.scryfall.com/file/scryfall-cards/large/front/3/9/3981fc94-efb5-4256-8adb-4538515a085c.jpg?1654569952, 0.29 GBP,
MTG, Invoke Despair, Rare, NEO, 379, https://c1.scryfall.com/file/scryfall-cards/large/front/6/2/62e4edbd-4a7c-435b-b7c0-f9cfdd3dff68.jpg?1654569960, 0.44 GBP,
MTG, March of Wretched Sorrow, Rare, NEO, 380, https://c1.scryfall.com/file/scryfall-cards/large/front/4/7/4703bba7-3248-410f-99a8-dffd629bab4c.jpg?1654569973, 0.52 GBP,
MTG, Mukotai Soulripper, Rare, NEO, 381, https://c1.scryfall.com/file/scryfall-cards/large/front/5/3/53d7df77-dc10-4c88-a51e-43d6b86ef10e.jpg?1654569985, 0.17 GBP,
MTG, Soul Transfer, Rare, NEO, 382, https://c1.scryfall.com/file/scryfall-cards/large/front/c/e/ce12642d-85b5-4b40-b1c0-2c08feae2f0a.jpg?1654569992, 0.21 GBP,
MTG, Explosive Singularity, Mythic Rare, NEO, 383, https://c1.scryfall.com/file/scryfall-cards/large/front/a/1/a1d47e98-daae-42f7-9581-1269d57bd16e.jpg?1654570003, 0.42 GBP,
MTG, Invoke Calamity, Rare, NEO, 384, https://c1.scryfall.com/file/scryfall-cards/large/front/1/2/12af2504-ff1c-4361-a428-be9d1d35899f.jpg?1654570011, 0.37 GBP,
MTG, Lizard Blades, Rare, NEO, 385, https://c1.scryfall.com/file/scryfall-cards/large/front/f/0/f0cadc1b-3434-4c38-b414-0f5ab4ca52a0.jpg?1654570029, 0.77 GBP,
MTG, March of Reckless Joy, Rare, NEO, 386, https://c1.scryfall.com/file/scryfall-cards/large/front/e/c/ecbd3545-f98e-404e-a283-0ce2d83e64bc.jpg?1654570049, 0.25 GBP,
MTG, OgreHead Helm, Rare, NEO, 387, https://c1.scryfall.com/file/scryfall-cards/large/front/5/1/517f143d-986a-474e-be48-819d1f9f078c.jpg?1654570055, 0.21 GBP,
MTG, Scrap Welder, Rare, NEO, 388, https://c1.scryfall.com/file/scryfall-cards/large/front/7/9/793c45e2-d0ce-4899-9f7f-5629bd6e01a1.jpg?1654570070, 0.37 GBP,
MTG, Thundering Raiju, Rare, NEO, 389, https://c1.scryfall.com/file/scryfall-cards/large/front/c/c/cc6a9bef-6910-4293-87b8-52abcef41566.jpg?1654570073, 0.55 GBP,
MTG, Invoke the Ancients, Rare, NEO, 390, https://c1.scryfall.com/file/scryfall-cards/large/front/9/3/93f89fc5-fe77-490b-ba05-34ec0b362801.jpg?1654570090, 0.23 GBP,
MTG, Kami of Transience, Rare, NEO, 391, https://c1.scryfall.com/file/scryfall-cards/large/front/7/1/71f10049-8fd2-48f4-9319-d747546cf22d.jpg?1654570095, 0.41 GBP,
MTG, Kodama of the West Tree, Mythic Rare, NEO, 392, https://c1.scryfall.com/file/scryfall-cards/large/front/b/4/b4a4aeaa-aff7-4299-8030-36eefd5acaf3.jpg?1654570110, 5.52 GBP,
MTG, March of Burgeoning Life, Rare, NEO, 393, https://c1.scryfall.com/file/scryfall-cards/large/front/e/d/ed33009e-5686-4de9-9270-d1540ddceb8a.jpg?1654570117, 0.17 GBP,
MTG, Shigeki Jukai Visionary, Rare, NEO, 394, https://c1.scryfall.com/file/scryfall-cards/large/front/6/2/62c303e5-a0af-4e42-afcc-1d3a81c78e8e.jpg?1654570135, 0.84 GBP,
MTG, Weaver of Harmony, Rare, NEO, 395, https://c1.scryfall.com/file/scryfall-cards/large/front/7/e/7e8c4b17-a804-4340-bb7e-5cd3183ecbef.jpg?1654570138, 0.51 GBP,
MTG, Eiganjo Uprising, Rare, NEO, 396, https://c1.scryfall.com/file/scryfall-cards/large/front/7/a/7a560ff4-446e-4dd0-87a6-145a27bdcdb9.jpg?1654570157, 0.13 GBP,
MTG, Greasefang Okiba Boss, Rare, NEO, 397, https://c1.scryfall.com/file/scryfall-cards/large/front/9/4/9455cb27-89d3-4bb1-8af8-08c7712c2915.jpg?1654570167, 1.12 GBP,
MTG, Hinata DawnCrowned, Rare, NEO, 398, https://c1.scryfall.com/file/scryfall-cards/large/front/4/7/4737d299-09ce-4012-b3e9-c93a09035d65.jpg?1654570175, 1.03 GBP,
MTG, Satsuki the Living Lore, Rare, NEO, 399, https://c1.scryfall.com/file/scryfall-cards/large/front/a/0/a0dd5813-8c6e-4fa3-b11d-e13f14ce8c4e.jpg?1654570185, 0.64 GBP,
MTG, SpiritSisters Call, Mythic Rare, NEO, 400, https://c1.scryfall.com/file/scryfall-cards/large/front/c/e/ceaefe4b-9750-460a-9993-60a138df80a6.jpg?1654570192, 0.63 GBP,
MTG, Eater of Virtue, Rare, NEO, 401, https://c1.scryfall.com/file/scryfall-cards/large/front/f/1/f103cb00-29f7-41ad-8368-ed2cf1a408ea.jpg?1656453648, 0.47 GBP,
MTG, Mechtitan Core, Rare, NEO, 402, https://c1.scryfall.com/file/scryfall-cards/large/front/5/0/508b7411-09e5-4990-88ca-649321dd62b5.jpg?1654570202, 1.50 GBP,
MTG, Mirror Box, Rare, NEO, 403, https://c1.scryfall.com/file/scryfall-cards/large/front/4/b/4bf676a6-8ccb-4908-9e49-ccb4a319d588.jpg?1654570220, 1.24 GBP,
MTG, Reckoner Bankbuster, Rare, NEO, 404, https://c1.scryfall.com/file/scryfall-cards/large/front/3/0/30bf5955-67fe-4bbf-acd5-164bf087e7a2.jpg?1654570224, 1.40 GBP,
MTG, Surgehacker Mech, Rare, NEO, 405, https://c1.scryfall.com/file/scryfall-cards/large/front/f/0/f0332502-bcba-42c0-9dfc-9ab873b1719a.jpg?1654570240, 0.65 GBP,
MTG, Ao the Dawn Sky, Mythic Rare, NEO, 406, https://c1.scryfall.com/file/scryfall-cards/large/front/5/d/5d7d1c2d-d3be-4647-a260-15ce85e69eea.jpg?1647144992, 3.76 GBP,
MTG, Kyodai Soul of Kamigawa, Rare, NEO, 407, https://c1.scryfall.com/file/scryfall-cards/large/front/e/5/e500c22f-b16a-431b-8562-1508df7db27e.jpg?1647145007, 0.29 GBP,
MTG, Kairi the Swirling Sky, Mythic Rare, NEO, 408, https://c1.scryfall.com/file/scryfall-cards/large/front/5/1/516dc285-f0f9-4a5c-a7b7-395c1821b42c.jpg?1647145018, 2.57 GBP,
MTG, Junji the Midnight Sky, Mythic Rare, NEO, 409, https://c1.scryfall.com/file/scryfall-cards/large/front/1/9/19c61476-2105-48f3-8f57-3d0322bdc92e.jpg?1647145036, 7.71 GBP,
MTG, Atsushi the Blazing Sky, Mythic Rare, NEO, 410, https://c1.scryfall.com/file/scryfall-cards/large/front/e/d/ed997183-24b2-466f-b740-c414ef485a96.jpg?1647145043, 7.51 GBP,
MTG, Kura the Boundless Sky, Mythic Rare, NEO, 411, https://c1.scryfall.com/file/scryfall-cards/large/front/0/9/0986e1a1-749d-4f34-9cdf-b347f2041c5c.jpg?1647145060, 4.35 GBP,
MTG, Boseiju Who Endures, Rare, NEO, 412, https://c1.scryfall.com/file/scryfall-cards/large/front/0/0/0055ea30-20fb-4324-a632-8fed87628f05.jpg?1647145068, 36.35 GBP,
MTG, Eiganjo Seat of the Empire, Rare, NEO, 413, https://c1.scryfall.com/file/scryfall-cards/large/front/7/c/7c31c48f-6275-4430-8dc9-05d70c332b7a.jpg?1647145088, 6.34 GBP,
MTG, Otawara Soaring City, Rare, NEO, 414, https://c1.scryfall.com/file/scryfall-cards/large/front/9/e/9e99599e-c594-42c6-b9e3-4dbb8e982f88.jpg?1647145094, 18.40 GBP,
MTG, Sokenzan Crucible of Defiance, Rare, NEO, 415, https://c1.scryfall.com/file/scryfall-cards/large/front/3/2/327333cc-2cc9-44ba-a0e6-d01329c416a3.jpg?1647145117, 3.84 GBP,
MTG, Takenuma Abandoned Mire, Rare, NEO, 416, https://c1.scryfall.com/file/scryfall-cards/large/front/7/b/7bc98705-77c2-47b6-b41c-3e41578700e8.jpg?1647145118, 8.52 GBP,
MTG, Farewell, Rare, NEO, 417, https://c1.scryfall.com/file/scryfall-cards/large/front/3/9/3956b833-0b74-4890-bc67-4aed7df33af4.jpg?1654570243, 0.00 GBP,
MTG, The Wandering Emperor, Mythic Rare, NEO, 418, https://c1.scryfall.com/file/scryfall-cards/large/front/2/2/22edc832-993b-432a-8435-8d8a72799122.jpg?1656619967, 0.00 GBP,
MTG, Tezzeret Betrayer of Flesh, Mythic Rare, NEO, 419, https://c1.scryfall.com/file/scryfall-cards/large/front/4/0/40dd7793-5a6d-4b5c-8924-b0aee73e31eb.jpg?1656453665, 0.00 GBP,
MTG, Blade of the Oni, Mythic Rare, NEO, 420, https://c1.scryfall.com/file/scryfall-cards/large/front/2/0/2029be79-88d8-4d15-a7d7-f5b8d469ad54.jpg?1654570262, 0.00 GBP,
MTG, Nashi Moon Sages Scion, Mythic Rare, NEO, 421, https://c1.scryfall.com/file/scryfall-cards/large/front/3/5/3564486e-e19b-4a11-a587-ad3e040cd914.jpg?1654570264, 0.00 GBP,
MTG, Explosive Singularity, Mythic Rare, NEO, 422, https://c1.scryfall.com/file/scryfall-cards/large/front/8/0/80ae9af1-58ea-49ad-8e57-8dcc53d2a959.jpg?1654570280, 0.00 GBP,
MTG, Kodama of the West Tree, Mythic Rare, NEO, 423, https://c1.scryfall.com/file/scryfall-cards/large/front/8/7/872f7bfb-8f0a-435a-b23c-c2f3bea46ed2.jpg?1654570285, 0.00 GBP,
MTG, Kaito Shizuki, Mythic Rare, NEO, 424, https://c1.scryfall.com/file/scryfall-cards/large/front/b/1/b189f965-d66d-4b35-b42f-933bdea62562.jpg?1656453685, 0.00 GBP,
MTG, Risona Asari Commander, Rare, NEO, 425, https://c1.scryfall.com/file/scryfall-cards/large/front/6/4/64a3d9fd-4023-4f64-b31c-8dab1eec8566.jpg?1654570300, 0.00 GBP,
MTG, Satoru Umezawa, Rare, NEO, 426, https://c1.scryfall.com/file/scryfall-cards/large/front/2/c/2c178c8d-ef57-4a69-a72d-c6c6f1eda617.jpg?1654570306, 0.00 GBP,
MTG, aEDnGyts BytPtkrwFTrh, Mythic Rare, NEO, 427, https://c1.scryfall.com/file/scryfall-cards/large/front/f/f/ffa7cbf8-64b2-428e-8991-d8454d724f9f.jpg?1656619984, 0.00 GBP,
MTG, temDwooD pcEnusLiOlz, Mythic Rare, NEO, 428, https://c1.scryfall.com/file/scryfall-cards/large/front/8/1/816eacac-a8b2-4d77-af3c-75f620ce3148.jpg?1656620001, 0.00 GBP,
MTG, Hidetsugu Devouring Chaos, Rare, NEO, 429, https://c1.scryfall.com/file/scryfall-cards/large/front/4/8/4826991d-c3c3-45ff-9dfc-4246a84b40e0.jpg?1654570323, 1715.99 GBP,
MTG, Hidetsugu Devouring Chaos, Rare, NEO, 430, https://c1.scryfall.com/file/scryfall-cards/large/front/c/0/c046b0b3-05f0-4468-817f-355e87552faf.jpg?1654570324, 154.44 GBP,
MTG, Hidetsugu Devouring Chaos, Rare, NEO, 431, https://c1.scryfall.com/file/scryfall-cards/large/front/9/2/92da2c98-afe0-4e7a-9510-5a74cc2cdde4.jpg?1654570343, 66.07 GBP,
MTG, Hidetsugu Devouring Chaos, Rare, NEO, 432, https://c1.scryfall.com/file/scryfall-cards/large/front/7/8/78c0b64b-cade-414d-b893-ac1b633c66d0.jpg?1648934697, 38.61 GBP,
MTG, Ao the Dawn Sky, Mythic Rare, NEO, 433, https://c1.scryfall.com/file/scryfall-cards/large/front/0/d/0d726f3f-2920-4de4-b531-5c42006e85af.jpg?1647481621, 1.28 GBP,
MTG, Brilliant Restoration, Rare, NEO, 434, https://c1.scryfall.com/file/scryfall-cards/large/front/d/8/d801eea3-d549-458a-b099-730969bfcba7.jpg?1647481632, 0.69 GBP,
MTG, Cloudsteel Kirin, Rare, NEO, 435, https://c1.scryfall.com/file/scryfall-cards/large/front/5/e/5ea33e1d-fa3b-4179-9f94-74bc35cdf088.jpg?1647481692, 0.25 GBP,
MTG, Farewell, Rare, NEO, 436, https://c1.scryfall.com/file/scryfall-cards/large/front/0/0/0050b693-7bad-4c0c-baca-0186d153ce2e.jpg?1647481727, 6.86 GBP,
MTG, Invoke Justice, Rare, NEO, 437, https://c1.scryfall.com/file/scryfall-cards/large/front/0/6/06a2079f-2a87-428f-aefc-f7c075a35598.jpg?1647481728, 0.33 GBP,
MTG, Kyodai Soul of Kamigawa, Rare, NEO, 438, https://c1.scryfall.com/file/scryfall-cards/large/front/9/6/967c446e-986a-4345-aeec-28f4cd8c801b.jpg?1647481747, 0.39 GBP,
MTG, LightPaws Emperors Voice, Rare, NEO, 439, https://c1.scryfall.com/file/scryfall-cards/large/front/e/0/e008fe9b-1913-4358-a411-5d3c175c60ba.jpg?1647481751, 0.60 GBP,
MTG, Lion Sash, Rare, NEO, 440, https://c1.scryfall.com/file/scryfall-cards/large/front/8/4/84f8ce4c-c6fc-408c-a216-33374bbfb08d.jpg?1647481769, 2.06 GBP,
MTG, March of Otherworldly Light, Rare, NEO, 441, https://c1.scryfall.com/file/scryfall-cards/large/front/2/b/2bbf453c-bded-4d39-bebf-fd240ec44287.jpg?1647481779, 5.19 GBP,
MTG, The Restoration of Eiganjo, Rare, NEO, 442, https://c1.scryfall.com/file/scryfall-cards/large/front/0/7/070d6344-ee01-4e27-a513-467d8775a853.jpg?1657724945, 0.57 GBP,
MTG, Inventive Iteration, Rare, NEO, 443, https://c1.scryfall.com/file/scryfall-cards/large/front/2/c/2c3dd148-60d8-4ab3-b71f-b79f2272d78e.jpg?1657724535, 0.21 GBP,
MTG, Invoke the Winds, Rare, NEO, 444, https://c1.scryfall.com/file/scryfall-cards/large/front/7/e/7e8832ae-0f84-48f0-a8f2-0bf37c3a6551.jpg?1647567631, 0.15 GBP,
MTG, JinGitaxias Progress Tyrant, Mythic Rare, NEO, 445, https://c1.scryfall.com/file/scryfall-cards/large/front/7/2/729a8bdc-3246-482b-a0b7-1d071247d218.jpg?1647567653, 10.02 GBP,
MTG, Kairi the Swirling Sky, Mythic Rare, NEO, 446, https://c1.scryfall.com/file/scryfall-cards/large/front/c/3/c3e356fa-eeeb-44a0-a3ba-90f90a855d40.jpg?1647567674, 1.85 GBP,
MTG, March of Swirling Mist, Rare, NEO, 447, https://c1.scryfall.com/file/scryfall-cards/large/front/3/a/3a5e72c2-e229-43c9-9e5a-df4754732d19.jpg?1647567686, 0.85 GBP,
MTG, Mindlink Mech, Rare, NEO, 448, https://c1.scryfall.com/file/scryfall-cards/large/front/2/d/2d1e4d50-8ca7-4dc0-8181-aa51beafb218.jpg?1647567696, 0.15 GBP,
MTG, The Reality Chip, Rare, NEO, 449, https://c1.scryfall.com/file/scryfall-cards/large/front/9/7/9797bb82-24f6-4dd5-8f5d-b3ea45bb65b8.jpg?1647567706, 2.00 GBP,
MTG, Tameshi Reality Architect, Rare, NEO, 450, https://c1.scryfall.com/file/scryfall-cards/large/front/e/a/ea28d4c2-279e-4f73-a134-a47b7cc2fa9b.jpg?1647567722, 0.43 GBP,
MTG, ThousandFaced Shadow, Rare, NEO, 451, https://c1.scryfall.com/file/scryfall-cards/large/front/0/0/00632c03-be00-4722-85b3-2ce31bba5cc6.jpg?1647567737, 0.86 GBP,
MTG, BitingPalm Ninja, Rare, NEO, 452, https://c1.scryfall.com/file/scryfall-cards/large/front/9/8/98b1cd2e-cea3-41c6-9fd2-1b473d5f61a7.jpg?1647646568, 0.43 GBP,
MTG, Blade of the Oni, Mythic Rare, NEO, 453, https://c1.scryfall.com/file/scryfall-cards/large/front/4/e/4e9896df-0d5c-4b02-b584-345f4c7cd127.jpg?1647646611, 1.29 GBP,
MTG, Hidetsugu Devouring Chaos, Rare, NEO, 454, https://c1.scryfall.com/file/scryfall-cards/large/front/e/9/e9655d9c-d4fb-4ced-b841-543eb4d88d2f.jpg?1647646624, 0.33 GBP,
MTG, Invoke Despair, Rare, NEO, 455, https://c1.scryfall.com/file/scryfall-cards/large/front/3/5/359445e8-2f4a-4e73-9201-2c7a11d26666.jpg?1647646632, 0.51 GBP,
MTG, Junji the Midnight Sky, Mythic Rare, NEO, 456, https://c1.scryfall.com/file/scryfall-cards/large/front/5/2/52f0f499-35d7-4e04-a2fc-d6735f6087d4.jpg?1647646645, 6.03 GBP,
MTG, March of Wretched Sorrow, Rare, NEO, 457, https://c1.scryfall.com/file/scryfall-cards/large/front/7/0/70647c5f-e2ce-43e0-8715-0648e206caf8.jpg?1647646652, 0.34 GBP,
MTG, Mukotai Soulripper, Rare, NEO, 458, https://c1.scryfall.com/file/scryfall-cards/large/front/e/6/e64d99c1-a6ad-4ab8-abb9-4845f7945f08.jpg?1647646663, 0.30 GBP,
MTG, Nashi Moon Sages Scion, Mythic Rare, NEO, 459, https://c1.scryfall.com/file/scryfall-cards/large/front/2/a/2a509120-d075-43cc-9422-35b2bf8183aa.jpg?1647646673, 2.57 GBP,
MTG, Soul Transfer, Rare, NEO, 460, https://c1.scryfall.com/file/scryfall-cards/large/front/b/3/b35ce3d2-8e7b-412a-abde-9885ca4e7a64.jpg?1647646682, 0.20 GBP,
MTG, Tatsunari Toad Rider, Rare, NEO, 461, https://c1.scryfall.com/file/scryfall-cards/large/front/5/2/52b9c95e-6691-4736-bfbd-0932458f03c6.jpg?1647646694, 0.21 GBP,
MTG, Tribute to Horobi, Rare, NEO, 462, https://c1.scryfall.com/file/scryfall-cards/large/front/d/8/d8f1b467-3cfe-4fab-bfd1-b7ac856d608c.jpg?1657725027, 0.17 GBP,
MTG, Atsushi the Blazing Sky, Mythic Rare, NEO, 463, https://c1.scryfall.com/file/scryfall-cards/large/front/7/5/756ccc1d-e43a-44d6-a722-3e209a164dc5.jpg?1647650187, 5.12 GBP,
MTG, Explosive Singularity, Mythic Rare, NEO, 464, https://c1.scryfall.com/file/scryfall-cards/large/front/a/7/a74a2f31-01e6-480b-a722-7a9c972e2a51.jpg?1647650205, 0.28 GBP,
MTG, Fable of the MirrorBreaker, Rare, NEO, 465, https://c1.scryfall.com/file/scryfall-cards/large/front/6/d/6dee0388-a78d-4b3c-a0c5-25655e14115e.jpg?1657724400, 23.41 GBP,
MTG, GoroGoro Disciple of Ryusei, Rare, NEO, 466, https://c1.scryfall.com/file/scryfall-cards/large/front/d/3/d398246a-dc65-4096-b4b7-46ddff38372e.jpg?1647650262, 0.84 GBP,
MTG, Invoke Calamity, Rare, NEO, 467, https://c1.scryfall.com/file/scryfall-cards/large/front/9/9/99ff8eec-5510-4c57-91c1-ec380fdd7f8e.jpg?1647650406, 0.29 GBP,
MTG, Lizard Blades, Rare, NEO, 468, https://c1.scryfall.com/file/scryfall-cards/large/front/9/d/9d20833a-ebdf-4daa-8220-ea95758d41b5.jpg?1647650395, 0.56 GBP,
MTG, March of Reckless Joy, Rare, NEO, 469, https://c1.scryfall.com/file/scryfall-cards/large/front/8/7/87ec97d1-3b8c-4441-b6bc-836be5f8a015.jpg?1647650382, 0.13 GBP,
MTG, OgreHead Helm, Rare, NEO, 470, https://c1.scryfall.com/file/scryfall-cards/large/front/2/e/2eecab66-d600-49d5-8b5a-f70872375d8b.jpg?1647650368, 0.16 GBP,
MTG, Scrap Welder, Rare, NEO, 471, https://c1.scryfall.com/file/scryfall-cards/large/front/7/6/76866cc1-06a4-4d1d-bbec-724109fa6c93.jpg?1647650328, 0.30 GBP,
MTG, Thundering Raiju, Rare, NEO, 472, https://c1.scryfall.com/file/scryfall-cards/large/front/d/4/d49d17cf-242b-4f44-8ea0-125d9d18139c.jpg?1647650316, 0.28 GBP,
MTG, The DragonKami Reborn, Rare, NEO, 473, https://c1.scryfall.com/file/scryfall-cards/large/front/f/5/f57cb819-1d76-4cbc-bbcd-45e52bd89e04.jpg?1657724778, 0.17 GBP,
MTG, Invoke the Ancients, Rare, NEO, 474, https://c1.scryfall.com/file/scryfall-cards/large/front/5/5/5564dc16-22f1-428a-8c49-ecc7de13d4a6.jpg?1647656905, 0.21 GBP,
MTG, Jugan Defends the Temple, Mythic Rare, NEO, 475, https://c1.scryfall.com/file/scryfall-cards/large/front/d/9/d9d59000-11e0-41ca-9626-9eae22627924.jpg?1657724617, 1.48 GBP,
MTG, Kami of Transience, Rare, NEO, 476, https://c1.scryfall.com/file/scryfall-cards/large/front/1/c/1c5bfeaf-ed02-4bf3-a36a-58feda05d992.jpg?1647657031, 0.86 GBP,
MTG, Kodama of the West Tree, Mythic Rare, NEO, 477, https://c1.scryfall.com/file/scryfall-cards/large/front/a/3/a33e17d9-fb24-45ef-aba6-292009834dc2.jpg?1647657043, 5.23 GBP,
MTG, Kura the Boundless Sky, Mythic Rare, NEO, 478, https://c1.scryfall.com/file/scryfall-cards/large/front/d/7/d765ad05-069b-4224-80ed-2f9bdced2dae.jpg?1647657107, 2.70 GBP,
MTG, March of Burgeoning Life, Rare, NEO, 479, https://c1.scryfall.com/file/scryfall-cards/large/front/3/6/36efdf01-9e6f-4963-887a-9018df56ced4.jpg?1647657153, 0.09 GBP,
MTG, Shigeki Jukai Visionary, Rare, NEO, 480, https://c1.scryfall.com/file/scryfall-cards/large/front/b/d/bdd634f0-2373-4747-8b16-92dbf279e1ff.jpg?1647657165, 0.44 GBP,
MTG, SpringLeaf Avenger, Rare, NEO, 481, https://c1.scryfall.com/file/scryfall-cards/large/front/2/0/209115ac-06ef-4d3f-9550-5e9eda081079.jpg?1647657179, 0.17 GBP,
MTG, Teachings of the Kirin, Rare, NEO, 482, https://c1.scryfall.com/file/scryfall-cards/large/front/a/f/af77b3e8-298e-4f85-8fc0-93ffa8c0dc6a.jpg?1657724699, 0.34 GBP,
MTG, Weaver of Harmony, Rare, NEO, 483, https://c1.scryfall.com/file/scryfall-cards/large/front/3/0/3009fad8-40cb-4421-9fa8-fd525c5f7189.jpg?1647657213, 0.66 GBP,
MTG, Eiganjo Uprising, Rare, NEO, 484, https://c1.scryfall.com/file/scryfall-cards/large/front/b/3/b33d6851-f110-46aa-a4ed-f657d2d2eceb.jpg?1647734957, 0.09 GBP,
MTG, Greasefang Okiba Boss, Rare, NEO, 485, https://c1.scryfall.com/file/scryfall-cards/large/front/0/2/020a4094-e5d8-477b-930f-f7ab98dc9fb1.jpg?1647734972, 0.84 GBP,
MTG, Hidetsugu Consumes All, Mythic Rare, NEO, 486, https://c1.scryfall.com/file/scryfall-cards/large/front/b/6/b6a8ead0-df99-4a55-8f64-99cfc47baa9f.jpg?1657724451, 4.38 GBP,
MTG, Hinata DawnCrowned, Rare, NEO, 487, https://c1.scryfall.com/file/scryfall-cards/large/front/4/6/466f98c4-c5a7-4fad-b183-a3fbd28cb66b.jpg?1647735083, 0.84 GBP,
MTG, Isshin Two Heavens as One, Rare, NEO, 488, https://c1.scryfall.com/file/scryfall-cards/large/front/f/2/f26eeb39-77ab-4e60-8b10-1420e755c372.jpg?1647735095, 1.01 GBP,
MTG, The Kami War, Mythic Rare, NEO, 489, https://c1.scryfall.com/file/scryfall-cards/large/front/6/8/68dfd0ee-64bf-425d-a847-c4a72f84d8aa.jpg?1657724862, 1.06 GBP,
MTG, Kotose the Silent Spider, Rare, NEO, 490, https://c1.scryfall.com/file/scryfall-cards/large/front/d/a/dabc4c53-365e-412e-8ce4-a9e67d12c33f.jpg?1647735169, 0.09 GBP,
MTG, Raiyuu Storms Edge, Rare, NEO, 491, https://c1.scryfall.com/file/scryfall-cards/large/front/c/8/c89f16b7-fcfb-44a9-b05f-a77a157a9865.jpg?1647735174, 0.13 GBP,
MTG, Risona Asari Commander, Rare, NEO, 492, https://c1.scryfall.com/file/scryfall-cards/large/front/e/f/ef5db6d6-c8b4-4c38-8b94-f455f148cf3f.jpg?1647735187, 0.11 GBP,
MTG, Satoru Umezawa, Rare, NEO, 493, https://c1.scryfall.com/file/scryfall-cards/large/front/6/3/63fb4d0a-f979-42ed-a4aa-15c180e4f0be.jpg?1647735200, 0.42 GBP,
MTG, Satsuki the Living Lore, Rare, NEO, 494, https://c1.scryfall.com/file/scryfall-cards/large/front/8/0/80aa5a9e-5152-4dc0-9a98-089a3d4d7dda.jpg?1647735223, 0.13 GBP,
MTG, SpiritSisters Call, Mythic Rare, NEO, 495, https://c1.scryfall.com/file/scryfall-cards/large/front/7/9/79e7b4ab-bc2c-4dd0-9433-6266c86c1c84.jpg?1647735251, 0.90 GBP,
MTG, Eater of Virtue, Rare, NEO, 496, https://c1.scryfall.com/file/scryfall-cards/large/front/8/7/87a86f45-ba70-48b4-a2e9-8269ec22b991.jpg?1647803839, 0.39 GBP,
MTG, Mechtitan Core, Rare, NEO, 497, https://c1.scryfall.com/file/scryfall-cards/large/front/9/4/9430b849-cee9-4fda-84c1-0777db82fe58.jpg?1647803854, 0.33 GBP,
MTG, Mirror Box, Rare, NEO, 498, https://c1.scryfall.com/file/scryfall-cards/large/front/b/8/b8354b07-8dac-44bb-871f-3c8f60a20d1c.jpg?1647803871, 1.29 GBP,
MTG, Reckoner Bankbuster, Rare, NEO, 499, https://c1.scryfall.com/file/scryfall-cards/large/front/8/c/8c5d9a22-0111-40ba-8d9e-a36bd84a39c3.jpg?1647803898, 0.85 GBP,
MTG, Surgehacker Mech, Rare, NEO, 500, https://c1.scryfall.com/file/scryfall-cards/large/front/2/6/26ce02c6-0918-41a7-9286-7a0bdc0f166e.jpg?1647803911, 0.16 GBP,
MTG, Boseiju Who Endures, Rare, NEO, 501, https://c1.scryfall.com/file/scryfall-cards/large/front/2/4/2488a80b-6882-4b59-8232-f02f800204a9.jpg?1647809455, 34.28 GBP,
MTG, Eiganjo Seat of the Empire, Rare, NEO, 502, https://c1.scryfall.com/file/scryfall-cards/large/front/e/c/ecb53f59-d89b-481c-af98-75c11c30ee17.jpg?1647809471, 5.76 GBP,
MTG, Otawara Soaring City, Rare, NEO, 503, https://c1.scryfall.com/file/scryfall-cards/large/front/d/b/dbcdbf15-7578-465e-afa2-f65c01fb4802.jpg?1647809484, 18.02 GBP,
MTG, Sokenzan Crucible of Defiance, Rare, NEO, 504, https://c1.scryfall.com/file/scryfall-cards/large/front/e/c/eca9f8ae-838f-4a9c-9341-38e39da68926.jpg?1647809494, 3.66 GBP,
MTG, Takenuma Abandoned Mire, Rare, NEO, 505, https://c1.scryfall.com/file/scryfall-cards/large/front/1/3/13410bd5-acee-4cc9-90e3-dbcf8415bcaf.jpg?1647809511, 6.77 GBP,
MTG, Invoke Despair, Rare, NEO, 506, https://c1.scryfall.com/file/scryfall-cards/large/front/d/b/dbe6d3be-67b9-45be-a5c8-4edf753a7fd0.jpg?1655258837, 0.11 GBP,
MTG, Satoru Umezawa, Rare, NEO, 507, https://c1.scryfall.com/file/scryfall-cards/large/front/f/7/f7112729-908e-430d-8e0e-eb71a9043309.jpg?1655258818, 1.16 GBP,
MTG, Spirited Companion, Common, NEO, 508, https://c1.scryfall.com/file/scryfall-cards/large/front/9/a/9ae5aecd-f1e3-4a1a-92a7-69235437102d.jpg?1655258857, 0.25 GBP,
MTG, Enthusiastic Mechanaut, Uncommon, NEO, 509, https://c1.scryfall.com/file/scryfall-cards/large/front/1/5/15a43b94-4425-47ab-9e9f-9287aa9a807e.jpg?1655258876, 0.10 GBP,
MTG, Jukai Naturalist, Uncommon, NEO, 510, https://c1.scryfall.com/file/scryfall-cards/large/front/a/a/aa567185-e0f2-4fe1-82a8-57b7fb277ab9.jpg?1655258894, 0.23 GBP,
MTG, SilverFur Master, Uncommon, NEO, 511, https://c1.scryfall.com/file/scryfall-cards/large/front/c/1/c1eef728-8f2f-4b18-ae40-f14074ab6791.jpg?1655258912, 0.31 GBP,
MTG, Secluded Courtyard, Uncommon, NEO, 512, https://c1.scryfall.com/file/scryfall-cards/large/front/c/b/cb026a80-72ae-4969-b2e7-ed88ecc542a1.jpg?1655258930, 1.12 GBP,
PTCG, Tangela, Common, STS, 1, https://limitlesstcg.nyc3.digitaloceanspaces.com/tpci/STS/STS_001_R_EN_LG.png, 0.04 GBP,
PTCG, Tangrowth, Uncommon, STS, 2, https://limitlesstcg.nyc3.digitaloceanspaces.com/tpci/STS/STS_002_R_EN_LG.png, 0.10 GBP,
PTCG, Hoppip, Common, STS, 3, https://limitlesstcg.nyc3.digitaloceanspaces.com/tpci/STS/STS_003_R_EN_LG.png, 0.05 GBP,
PTCG, Skiploom, Uncommon, STS, 4, https://limitlesstcg.nyc3.digitaloceanspaces.com/tpci/STS/STS_004_R_EN_LG.png, 0.07 GBP,
PTCG, Jumpluff, Rare, STS, 5, https://limitlesstcg.nyc3.digitaloceanspaces.com/tpci/STS/STS_005_R_EN_LG.png, 0.27 GBP,
PTCG, Yanma, Common, STS, 6, https://limitlesstcg.nyc3.digitaloceanspaces.com/tpci/STS/STS_006_R_EN_LG.png, 0.03 GBP,
PTCG, Yanmega, Rare, STS, 7, https://limitlesstcg.nyc3.digitaloceanspaces.com/tpci/STS/STS_007_R_EN_LG.png, 0.12 GBP,
PTCG, Yanmega BREAK, Double Rare, STS, 8, https://limitlesstcg.nyc3.digitaloceanspaces.com/tpci/STS/STS_008_R_EN_LG.png, 2.08 GBP,
PTCG, Seedot, Common, STS, 9, https://limitlesstcg.nyc3.digitaloceanspaces.com/tpci/STS/STS_009_R_EN_LG.png, 0.03 GBP,
PTCG, Nuzleaf, Uncommon, STS, 10, https://limitlesstcg.nyc3.digitaloceanspaces.com/tpci/STS/STS_010_R_EN_LG.png, 0.04 GBP,
PTCG, Shiftry, Holo Rare, STS, 11, https://limitlesstcg.nyc3.digitaloceanspaces.com/tpci/STS/STS_011_R_EN_LG.png, 0.75 GBP,
PTCG, Foongus, Common, STS, 12, https://limitlesstcg.nyc3.digitaloceanspaces.com/tpci/STS/STS_012_R_EN_LG.png, 0.09 GBP,
PTCG, Amoonguss, Rare, STS, 13, https://limitlesstcg.nyc3.digitaloceanspaces.com/tpci/STS/STS_013_R_EN_LG.png, 0.16 GBP,
PTCG, Larvesta, Common, STS, 14, https://limitlesstcg.nyc3.digitaloceanspaces.com/tpci/STS/STS_014_R_EN_LG.png, 0.06 GBP,
PTCG, Volcarona, Rare, STS, 15, https://limitlesstcg.nyc3.digitaloceanspaces.com/tpci/STS/STS_015_R_EN_LG.png, 0.31 GBP,
PTCG, Ponyta, Common, STS, 16, https://limitlesstcg.nyc3.digitaloceanspaces.com/tpci/STS/STS_016_R_EN_LG.png, 0.03 GBP,
PTCG, Rapidash, Uncommon, STS, 17, https://limitlesstcg.nyc3.digitaloceanspaces.com/tpci/STS/STS_017_R_EN_LG.png, 0.07 GBP,
PTCG, Chimchar, Common, STS, 18, https://limitlesstcg.nyc3.digitaloceanspaces.com/tpci/STS/STS_018_R_EN_LG.png, 0.03 GBP,
PTCG, Monferno, Uncommon, STS, 19, https://limitlesstcg.nyc3.digitaloceanspaces.com/tpci/STS/STS_019_R_EN_LG.png, 0.05 GBP,
PTCG, Infernape, Holo Rare, STS, 20, https://limitlesstcg.nyc3.digitaloceanspaces.com/tpci/STS/STS_020_R_EN_LG.png, 0.84 GBP,
PTCG, Talonflame BREAK, Double Rare, STS, 21, https://limitlesstcg.nyc3.digitaloceanspaces.com/tpci/STS/STS_021_R_EN_LG.png, 2.87 GBP,
PTCG, Litleo, Common, STS, 22, https://limitlesstcg.nyc3.digitaloceanspaces.com/tpci/STS/STS_022_R_EN_LG.png, 0.03 GBP,
PTCG, Pyroar, Rare, STS, 23, https://limitlesstcg.nyc3.digitaloceanspaces.com/tpci/STS/STS_023_R_EN_LG.png, 0.19 GBP,
PTCG, Pyroar BREAK, Double Rare, STS, 24, https://limitlesstcg.nyc3.digitaloceanspaces.com/tpci/STS/STS_024_R_EN_LG.png, 2.06 GBP,
PTCG, Volcanion, Rare, STS, 25, https://limitlesstcg.nyc3.digitaloceanspaces.com/tpci/STS/STS_025_R_EN_LG.png, 0.27 GBP,
PTCG, VolcanionEX, Double Rare, STS, 26, https://limitlesstcg.nyc3.digitaloceanspaces.com/tpci/STS/STS_026_R_EN_LG.png, 2.13 GBP,
PTCG, Mantine, Common, STS, 27, https://limitlesstcg.nyc3.digitaloceanspaces.com/tpci/STS/STS_027_R_EN_LG.png, 0.03 GBP,
PTCG, Shellos, Common, STS, 28, https://limitlesstcg.nyc3.digitaloceanspaces.com/tpci/STS/STS_028_R_EN_LG.png, 0.03 GBP,
PTCG, Gastrodon, Rare, STS, 29, https://limitlesstcg.nyc3.digitaloceanspaces.com/tpci/STS/STS_029_R_EN_LG.png, 0.18 GBP,
PTCG, Oshawott, Common, STS, 30, https://limitlesstcg.nyc3.digitaloceanspaces.com/tpci/STS/STS_030_R_EN_LG.png, 0.04 GBP,
PTCG, Dewott, Uncommon, STS, 31, https://limitlesstcg.nyc3.digitaloceanspaces.com/tpci/STS/STS_031_R_EN_LG.png, 0.07 GBP,
PTCG, Samurott, Rare, STS, 32, https://limitlesstcg.nyc3.digitaloceanspaces.com/tpci/STS/STS_032_R_EN_LG.png, 0.32 GBP,
PTCG, Clauncher, Common, STS, 33, https://limitlesstcg.nyc3.digitaloceanspaces.com/tpci/STS/STS_033_R_EN_LG.png, 0.03 GBP,
PTCG, Clawitzer, Rare, STS, 34, https://limitlesstcg.nyc3.digitaloceanspaces.com/tpci/STS/STS_034_R_EN_LG.png, 0.24 GBP,
PTCG, Clawitzer BREAK, Double Rare, STS, 35, https://limitlesstcg.nyc3.digitaloceanspaces.com/tpci/STS/STS_035_R_EN_LG.png, 2.44 GBP,
PTCG, Bergmite, Common, STS, 36, https://limitlesstcg.nyc3.digitaloceanspaces.com/tpci/STS/STS_036_R_EN_LG.png, 0.03 GBP,
PTCG, Avalugg, Rare, STS, 37, https://limitlesstcg.nyc3.digitaloceanspaces.com/tpci/STS/STS_037_R_EN_LG.png, 0.25 GBP,
PTCG, Mareep, Common, STS, 38, https://limitlesstcg.nyc3.digitaloceanspaces.com/tpci/STS/STS_038_R_EN_LG.png, 0.04 GBP,
PTCG, Flaaffy, Uncommon, STS, 39, https://limitlesstcg.nyc3.digitaloceanspaces.com/tpci/STS/STS_039_R_EN_LG.png, 0.06 GBP,
PTCG, Ampharos, Holo Rare, STS, 40, https://limitlesstcg.nyc3.digitaloceanspaces.com/tpci/STS/STS_040_R_EN_LG.png, 0.37 GBP,
PTCG, Joltik, Common, STS, 41, https://limitlesstcg.nyc3.digitaloceanspaces.com/tpci/STS/STS_041_R_EN_LG.png, 0.05 GBP,
PTCG, Galvantula, Rare, STS, 42, https://limitlesstcg.nyc3.digitaloceanspaces.com/tpci/STS/STS_042_R_EN_LG.png, 0.25 GBP,
PTCG, Nidoran, Common, STS, 43, https://limitlesstcg.nyc3.digitaloceanspaces.com/tpci/STS/STS_043_R_EN_LG.png, 0.07 GBP,
PTCG, Nidorino, Uncommon, STS, 44, https://limitlesstcg.nyc3.digitaloceanspaces.com/tpci/STS/STS_044_R_EN_LG.png, 0.06 GBP,
PTCG, Nidoking, Rare, STS, 45, https://limitlesstcg.nyc3.digitaloceanspaces.com/tpci/STS/STS_045_R_EN_LG.png, 0.75 GBP,
PTCG, Drifloon, Common, STS, 46, https://limitlesstcg.nyc3.digitaloceanspaces.com/tpci/STS/STS_046_R_EN_LG.png, 0.03 GBP,
PTCG, Drifblim, Uncommon, STS, 47, https://limitlesstcg.nyc3.digitaloceanspaces.com/tpci/STS/STS_047_R_EN_LG.png, 0.05 GBP,
PTCG, Litwick, Common, STS, 48, https://limitlesstcg.nyc3.digitaloceanspaces.com/tpci/STS/STS_048_R_EN_LG.png, 0.03 GBP,
PTCG, Lampent, Uncommon, STS, 49, https://limitlesstcg.nyc3.digitaloceanspaces.com/tpci/STS/STS_049_R_EN_LG.png, 0.07 GBP,
PTCG, Chandelure, Holo Rare, STS, 50, https://limitlesstcg.nyc3.digitaloceanspaces.com/tpci/STS/STS_050_R_EN_LG.png, 0.36 GBP,
PTCG, Hoopa, Rare, STS, 51, https://limitlesstcg.nyc3.digitaloceanspaces.com/tpci/STS/STS_051_R_EN_LG.png, 0.45 GBP,
PTCG, Mankey, Common, STS, 52, https://limitlesstcg.nyc3.digitaloceanspaces.com/tpci/STS/STS_052_R_EN_LG.png, 0.04 GBP,
PTCG, Primeape, Rare, STS, 53, https://limitlesstcg.nyc3.digitaloceanspaces.com/tpci/STS/STS_053_R_EN_LG.png, 0.38 GBP,
PTCG, Nosepass, Common, STS, 54, https://limitlesstcg.nyc3.digitaloceanspaces.com/tpci/STS/STS_054_R_EN_LG.png, 0.05 GBP,
PTCG, Probopass, Rare, STS, 55, https://limitlesstcg.nyc3.digitaloceanspaces.com/tpci/STS/STS_055_R_EN_LG.png, 0.14 GBP,
PTCG, Anorith, Uncommon, STS, 56, https://limitlesstcg.nyc3.digitaloceanspaces.com/tpci/STS/STS_056_R_EN_LG.png, 0.08 GBP,
PTCG, Armaldo, Rare, STS, 57, https://limitlesstcg.nyc3.digitaloceanspaces.com/tpci/STS/STS_057_R_EN_LG.png, 0.20 GBP,
PTCG, Croagunk, Common, STS, 58, https://limitlesstcg.nyc3.digitaloceanspaces.com/tpci/STS/STS_058_R_EN_LG.png, 0.05 GBP,
PTCG, Toxicroak, Rare, STS, 59, https://limitlesstcg.nyc3.digitaloceanspaces.com/tpci/STS/STS_059_R_EN_LG.png, 0.17 GBP,
PTCG, Sneasel, Common, STS, 60, https://limitlesstcg.nyc3.digitaloceanspaces.com/tpci/STS/STS_060_R_EN_LG.png, 0.04 GBP,
PTCG, Weavile, Rare, STS, 61, https://limitlesstcg.nyc3.digitaloceanspaces.com/tpci/STS/STS_061_R_EN_LG.png, 0.23 GBP,
PTCG, Spiritomb, Rare, STS, 62, https://limitlesstcg.nyc3.digitaloceanspaces.com/tpci/STS/STS_062_R_EN_LG.png, 0.14 GBP,
PTCG, Pawniard, Common, STS, 63, https://limitlesstcg.nyc3.digitaloceanspaces.com/tpci/STS/STS_063_R_EN_LG.png, 0.03 GBP,
PTCG, Bisharp, Holo Rare, STS, 64, https://limitlesstcg.nyc3.digitaloceanspaces.com/tpci/STS/STS_064_R_EN_LG.png, 0.61 GBP,
PTCG, Yveltal, Holo Rare, STS, 65, https://limitlesstcg.nyc3.digitaloceanspaces.com/tpci/STS/STS_065_R_EN_LG.png, 0.56 GBP,
PTCG, Yveltal BREAK, Double Rare, STS, 66, https://limitlesstcg.nyc3.digitaloceanspaces.com/tpci/STS/STS_066_R_EN_LG.png, 2.61 GBP,
PTCG, SteelixEX, Double Rare, STS, 67, https://limitlesstcg.nyc3.digitaloceanspaces.com/tpci/STS/STS_067_R_EN_LG.png, 1.90 GBP,
PTCG, M SteelixEX, Double Rare, STS, 68, https://limitlesstcg.nyc3.digitaloceanspaces.com/tpci/STS/STS_068_R_EN_LG.png, 3.35 GBP,
PTCG, Shieldon, Uncommon, STS, 69, https://limitlesstcg.nyc3.digitaloceanspaces.com/tpci/STS/STS_069_R_EN_LG.png, 0.09 GBP,
PTCG, Bastiodon, Rare, STS, 70, https://limitlesstcg.nyc3.digitaloceanspaces.com/tpci/STS/STS_070_R_EN_LG.png, 0.16 GBP,
PTCG, Klink, Common, STS, 71, https://limitlesstcg.nyc3.digitaloceanspaces.com/tpci/STS/STS_071_R_EN_LG.png, 0.03 GBP,
PTCG, Klang, Uncommon, STS, 72, https://limitlesstcg.nyc3.digitaloceanspaces.com/tpci/STS/STS_072_R_EN_LG.png, 0.03 GBP,
PTCG, Klinklang, Holo Rare, STS, 73, https://limitlesstcg.nyc3.digitaloceanspaces.com/tpci/STS/STS_073_R_EN_LG.png, 0.20 GBP,
PTCG, Cobalion, Rare, STS, 74, https://limitlesstcg.nyc3.digitaloceanspaces.com/tpci/STS/STS_074_R_EN_LG.png, 0.36 GBP,
PTCG, MagearnaEX, Double Rare, STS, 75, https://limitlesstcg.nyc3.digitaloceanspaces.com/tpci/STS/STS_075_R_EN_LG.png, 1.71 GBP,
PTCG, Marill, Common, STS, 76, https://limitlesstcg.nyc3.digitaloceanspaces.com/tpci/STS/STS_076_R_EN_LG.png, 0.04 GBP,
PTCG, Azumarill, Uncommon, STS, 77, https://limitlesstcg.nyc3.digitaloceanspaces.com/tpci/STS/STS_077_R_EN_LG.png, 0.21 GBP,
PTCG, GardevoirEX, Double Rare, STS, 78, https://limitlesstcg.nyc3.digitaloceanspaces.com/tpci/STS/STS_078_R_EN_LG.png, 2.05 GBP,
PTCG, M GardevoirEX, Double Rare, STS, 79, https://limitlesstcg.nyc3.digitaloceanspaces.com/tpci/STS/STS_079_R_EN_LG.png, 3.32 GBP,
PTCG, Klefki, Uncommon, STS, 80, https://limitlesstcg.nyc3.digitaloceanspaces.com/tpci/STS/STS_080_R_EN_LG.png, 0.07 GBP,
PTCG, Xerneas, Holo Rare, STS, 81, https://limitlesstcg.nyc3.digitaloceanspaces.com/tpci/STS/STS_081_R_EN_LG.png, 0.65 GBP,
PTCG, Xerneas BREAK, Double Rare, STS, 82, https://limitlesstcg.nyc3.digitaloceanspaces.com/tpci/STS/STS_082_R_EN_LG.png, 1.72 GBP,
PTCG, Druddigon, Rare, STS, 83, https://limitlesstcg.nyc3.digitaloceanspaces.com/tpci/STS/STS_083_R_EN_LG.png, 0.14 GBP,
PTCG, Deino, Common, STS, 84, https://limitlesstcg.nyc3.digitaloceanspaces.com/tpci/STS/STS_084_R_EN_LG.png, 0.03 GBP,
PTCG, Zweilous, Uncommon, STS, 85, https://limitlesstcg.nyc3.digitaloceanspaces.com/tpci/STS/STS_085_R_EN_LG.png, 0.04 GBP,
PTCG, Hydreigon, Holo Rare, STS, 86, https://limitlesstcg.nyc3.digitaloceanspaces.com/tpci/STS/STS_086_R_EN_LG.png, 0.21 GBP,
PTCG, Hydreigon BREAK, Double Rare, STS, 87, https://limitlesstcg.nyc3.digitaloceanspaces.com/tpci/STS/STS_087_R_EN_LG.png, 2.10 GBP,
PTCG, Meowth, Common, STS, 88, https://limitlesstcg.nyc3.digitaloceanspaces.com/tpci/STS/STS_088_R_EN_LG.png, 0.04 GBP,
PTCG, Persian, Uncommon, STS, 89, https://limitlesstcg.nyc3.digitaloceanspaces.com/tpci/STS/STS_089_R_EN_LG.png, 0.05 GBP,
PTCG, Aipom, Common, STS, 90, https://limitlesstcg.nyc3.digitaloceanspaces.com/tpci/STS/STS_090_R_EN_LG.png, 0.03 GBP,
PTCG, Ambipom, Uncommon, STS, 91, https://limitlesstcg.nyc3.digitaloceanspaces.com/tpci/STS/STS_091_R_EN_LG.png, 0.08 GBP,
PTCG, Rufflet, Common, STS, 92, https://limitlesstcg.nyc3.digitaloceanspaces.com/tpci/STS/STS_092_R_EN_LG.png, 0.04 GBP,
PTCG, Braviary, Uncommon, STS, 93, https://limitlesstcg.nyc3.digitaloceanspaces.com/tpci/STS/STS_093_R_EN_LG.png, 0.05 GBP,
PTCG, Fletchling, Common, STS, 94, https://limitlesstcg.nyc3.digitaloceanspaces.com/tpci/STS/STS_094_R_EN_LG.png, 0.04 GBP,
PTCG, Fletchinder, Uncommon, STS, 95, https://limitlesstcg.nyc3.digitaloceanspaces.com/tpci/STS/STS_095_R_EN_LG.png, 0.13 GBP,
PTCG, Talonflame, Rare, STS, 96, https://limitlesstcg.nyc3.digitaloceanspaces.com/tpci/STS/STS_096_R_EN_LG.png, 0.36 GBP,
PTCG, Hawlucha, Uncommon, STS, 97, https://limitlesstcg.nyc3.digitaloceanspaces.com/tpci/STS/STS_097_R_EN_LG.png, 0.05 GBP,
PTCG, Armor Fossil Shieldon, Uncommon, STS, 98, https://limitlesstcg.nyc3.digitaloceanspaces.com/tpci/STS/STS_098_R_EN_LG.png, 0.10 GBP,
PTCG, Captivating Pok Puff, Uncommon, STS, 99, https://limitlesstcg.nyc3.digitaloceanspaces.com/tpci/STS/STS_099_R_EN_LG.png, 0.07 GBP,
PTCG, Claw Fossil Anorith, Uncommon, STS, 100, https://limitlesstcg.nyc3.digitaloceanspaces.com/tpci/STS/STS_100_R_EN_LG.png, 0.10 GBP,
PTCG, Gardevoir Spirit Link, Uncommon, STS, 101, https://limitlesstcg.nyc3.digitaloceanspaces.com/tpci/STS/STS_101_R_EN_LG.png, 0.06 GBP,
PTCG, Greedy Dice, Uncommon, STS, 102, https://limitlesstcg.nyc3.digitaloceanspaces.com/tpci/STS/STS_102_R_EN_LG.png, 0.05 GBP,
PTCG, Ninja Boy, Uncommon, STS, 103, https://limitlesstcg.nyc3.digitaloceanspaces.com/tpci/STS/STS_103_R_EN_LG.png, 0.05 GBP,
PTCG, Pokmon Ranger, Uncommon, STS, 104, https://limitlesstcg.nyc3.digitaloceanspaces.com/tpci/STS/STS_104_R_EN_LG.png, 0.11 GBP,
PTCG, Special Charge, Uncommon, STS, 105, https://limitlesstcg.nyc3.digitaloceanspaces.com/tpci/STS/STS_105_R_EN_LG.png, 0.19 GBP,
PTCG, Steelix Spirit Link, Uncommon, STS, 106, https://limitlesstcg.nyc3.digitaloceanspaces.com/tpci/STS/STS_106_R_EN_LG.png, 0.06 GBP,
PTCG, VolcanionEX, Ultra Rare, STS, 107, https://limitlesstcg.nyc3.digitaloceanspaces.com/tpci/STS/STS_107_R_EN_LG.png, 3.75 GBP,
PTCG, SteelixEX, Ultra Rare, STS, 108, https://limitlesstcg.nyc3.digitaloceanspaces.com/tpci/STS/STS_108_R_EN_LG.png, 6.04 GBP,
PTCG, M SteelixEX, Ultra Rare, STS, 109, https://limitlesstcg.nyc3.digitaloceanspaces.com/tpci/STS/STS_109_R_EN_LG.png, 6.71 GBP,
PTCG, MagearnaEX, Ultra Rare, STS, 110, https://limitlesstcg.nyc3.digitaloceanspaces.com/tpci/STS/STS_110_R_EN_LG.png, 3.08 GBP,
PTCG, GardevoirEX, Ultra Rare, STS, 111, https://limitlesstcg.nyc3.digitaloceanspaces.com/tpci/STS/STS_111_R_EN_LG.png, 5.32 GBP,
PTCG, M GardevoirEX, Ultra Rare, STS, 112, https://limitlesstcg.nyc3.digitaloceanspaces.com/tpci/STS/STS_112_R_EN_LG.png, 9.00 GBP,
PTCG, Pokmon Ranger, Ultra Rare, STS, 113, https://limitlesstcg.nyc3.digitaloceanspaces.com/tpci/STS/STS_113_R_EN_LG.png, 4.04 GBP,
PTCG, Professor Sycamore, Ultra Rare, STS, 114, https://limitlesstcg.nyc3.digitaloceanspaces.com/tpci/STS/STS_114_R_EN_LG.png, 4.79 GBP,
PTCG, VolcanionEX, Secret Rare, STS, 115, https://limitlesstcg.nyc3.digitaloceanspaces.com/tpci/STS/STS_115_R_EN_LG.png, 9.39 GBP,
PTCG, GardevoirEX, Secret Rare, STS, 116, https://limitlesstcg.nyc3.digitaloceanspaces.com/tpci/STS/STS_116_R_EN_LG.png, 19.73 GBP,
